äÓèÄì˙,äÓèÄâøäz,ëOì˙î‰,èÉéëéYëçäz,íºãﬂåàéZì˙,íºãﬂï™îzã‡,ï™îzã‡çƒìäéëäÓèÄâøäz
20170831,10000.00,0,500000000,00000000,0,10000
20170901,10005.00,5,500246499,00000000,0,10005
20170904,9995.00,-10,501994208,00000000,0,9995
20170905,9980.00,-15,506975587,00000000,0,9980
20170906,9814.00,-166,498543458,00000000,0,9814
20170907,9894.00,80,508491893,00000000,0,9894
20170908,9823.00,-71,517011035,00000000,0,9823
20170911,9811.00,-12,566396850,00000000,0,9811
20170912,10015.00,204,598981874,00000000,0,10015
20170913,10105.00,90,682388657,00000000,0,10105
20170914,10158.00,53,723203888,00000000,0,10158
20170915,10112.00,-46,779387782,00000000,0,10112
20170919,10261.00,149,807629415,00000000,0,10261
20170920,10287.00,26,869202451,00000000,0,10287
20170921,10375.00,88,898583547,00000000,0,10375
20170922,10319.00,-56,952830513,00000000,0,10319
20170925,10348.00,29,966089051,00000000,0,10348
20170926,10238.00,-110,1052648921,00000000,0,10238
20170927,10315.00,77,1085315514,00000000,0,10315
20170928,10407.00,92,1153248930,00000000,0,10407
20170929,10401.00,-6,1208253921,00000000,0,10401
20171002,10444.00,43,1249850745,00000000,0,10444
20171003,10502.00,58,1271775176,00000000,0,10502
20171004,10492.00,-10,1297791447,00000000,0,10492
20171005,10526.00,34,1340785504,00000000,0,10526
20171006,10596.00,70,1384477644,00000000,0,10596
20171010,10555.00,-41,1399755686,00000000,0,10555
20171011,10537.00,-18,1433285861,00000000,0,10537
20171012,10568.00,31,1488331251,00000000,0,10568
20171013,10537.00,-31,1521609400,00000000,0,10537
20171016,10527.00,-10,1550066920,00000000,0,10527
20171017,10559.00,32,1578352099,00000000,0,10559
20171018,10563.00,4,1607819244,00000000,0,10563
20171019,10645.00,82,1640833920,00000000,0,10645
20171020,10629.00,-16,1652205572,00000000,0,10629
20171023,10790.00,161,1693398092,00000000,0,10790
20171024,10698.00,-92,1692386571,00000000,0,10698
20171025,10767.00,69,1947803397,00000000,0,10767
20171026,10685.00,-82,1960934397,00000000,0,10685
20171027,10754.00,69,2016550764,00000000,0,10754
20171030,10802.00,48,2043881841,00000000,0,10802
20171031,10708.00,-94,2046632514,00000000,0,10708
20171101,10786.00,78,2103924482,00000000,0,10786
20171102,10820.00,34,2140284336,00000000,0,10820
20171106,10890.00,70,2174343525,00000000,0,10890
20171107,10844.00,-46,2178899894,00000000,0,10844
20171108,10844.00,0,2220707714,00000000,0,10844
20171109,10888.00,44,2251500517,00000000,0,10888
20171110,10787.00,-101,2239725914,00000000,0,10787
20171113,10807.00,20,2256335986,00000000,0,10807
20171114,10816.00,9,2266514084,00000000,0,10816
20171115,10777.00,-39,2280984701,00000000,0,10777
20171116,10681.00,-96,2305128197,00000000,0,10681
20171117,10761.00,80,2335294256,00000000,0,10761
20171120,10658.00,-103,2321590074,00000000,0,10658
20171121,10718.00,60,2344372406,00000000,0,10718
20171122,10761.00,43,2371660188,00000000,0,10761
20171124,10667.00,-94,2369655838,00000000,0,10667
20171127,10707.00,40,2385608680,00000000,0,10707
20171128,10636.00,-71,2380267185,00000000,0,10636
20171129,10802.00,166,2433755857,00000000,0,10802
20171130,10839.00,37,2443302434,00000000,0,10839
20171201,10976.00,137,2499666291,00000000,0,10976
20171204,10981.00,5,2505189605,00000000,0,10981
20171205,10940.00,-41,2505201992,00000000,0,10940
20171206,10900.00,-40,2534358313,00000000,0,10900
20171207,10903.00,3,2549056150,00000000,0,10903
20171208,11013.00,110,2578243102,00000000,0,11013
20171211,11108.00,95,2605226057,00000000,0,11108
20171212,11139.00,31,2643463423,00000000,0,11139
20171213,11140.00,1,2680869686,00000000,0,11140
20171214,11076.00,-64,2687475755,00000000,0,11076
20171215,10993.00,-83,2571619658,00000000,0,10993
20171218,11124.00,131,2617556750,00000000,0,11124
20171219,11174.00,50,2657215003,00000000,0,11174
20171220,11167.00,-7,2685797922,00000000,0,11167
20171221,11185.00,18,2737476092,00000000,0,11185
20171222,11226.00,41,2749112819,00000000,0,11226
20171225,11204.00,-22,2754740655,00000000,0,11204
20171226,11217.00,13,2766289729,00000000,0,11217
20171227,11208.00,-9,2764054215,00000000,0,11208
20171228,11221.00,13,2863834720,00000000,0,11221
20171229,11194.00,-27,2871059033,00000000,0,11194
20180104,11277.00,83,2785505449,00000000,0,11277
20180105,11334.00,57,2807968893,00000000,0,11334
20180109,11463.00,129,2903933006,00000000,0,11463
20180110,11413.00,-50,2914830069,00000000,0,11413
20180111,11300.00,-113,2951888904,00000000,0,11300
20180112,11355.00,55,2995316091,00000000,0,11355
20180115,11397.00,42,3048670844,00000000,0,11397
20180116,11391.00,-6,2857522862,00000000,0,11391
20180117,11302.00,-89,2835215374,00000000,0,11302
20180118,11510.00,208,2963757460,00000000,0,11510
20180119,11469.00,-41,2977750470,00000000,0,11469
20180122,11483.00,14,2878061759,00000000,0,11483
20180123,11599.00,116,2925386255,00000000,0,11599
20180124,11552.00,-47,2933029533,00000000,0,11552
20180125,11464.00,-88,2930347327,00000000,0,11464
20180126,11499.00,35,2969062423,00000000,0,11499
20180129,11520.00,21,2992433632,00000000,0,11520
20180130,11478.00,-42,3017844272,00000000,0,11478
20180131,11327.00,-151,2999841775,00000000,0,11327
20180201,11381.00,54,3027871853,00000000,0,11381
20180202,11396.00,15,3052180278,00000000,0,11396
20180205,11200.00,-196,3028270332,00000000,0,11200
20180206,10651.00,-549,2903918047,00000000,0,10651
20180207,10880.00,229,2965349493,00000000,0,10880
20180208,10824.00,-56,2917929170,00000000,0,10824
20180209,10375.00,-449,2828961124,00000000,0,10375
20180213,10662.00,287,2935078757,00000000,0,10662
20180214,10604.00,-58,2939895483,00000000,0,10604
20180215,10650.00,46,2997699113,00000000,0,10650
20180216,10723.00,73,3040580683,00000000,0,10723
20180219,10728.00,5,3080851215,00000000,0,10728
20180220,10779.00,51,3128298804,00000000,0,10779
20180221,10790.00,11,3131464517,00000000,0,10790
20180222,10729.00,-61,3177777506,00000000,0,10729
20180223,10692.00,-37,3191413550,00000000,0,10692
20180226,10853.00,161,3250621271,00000000,0,10853
20180227,10975.00,122,3302440460,00000000,0,10975
20180228,10889.00,-86,3300609052,00000000,0,10889
20180301,10705.00,-184,3283017980,00000000,0,10705
20180302,10519.00,-186,3242462603,00000000,0,10519
20180305,10501.00,-18,3270175061,00000000,0,10501
20180306,10685.00,184,3340039044,00000000,0,10685
20180307,10652.00,-33,3355902693,00000000,0,10652
20180308,10698.00,46,3386208585,00000000,0,10698
20180309,10810.00,112,3440981379,00000000,0,10810
20180312,11019.00,209,3521188479,00000000,0,11019
20180313,10946.00,-73,3517729640,00000000,0,10946
20180314,10911.00,-35,3533735790,00000000,0,10911
20180315,10784.00,-127,3498115415,00000000,0,10784
20180316,10801.00,17,3515724906,00000000,0,10801
20180319,10782.00,-19,3528864322,00000000,0,10782
20180320,10651.00,-131,3493792267,00000000,0,10651
20180322,10598.00,-53,3509435311,00000000,0,10598
20180323,10262.00,-336,3418393969,00000000,0,10262
20180326,10054.00,-208,3365337352,00000000,0,10054
20180327,10384.00,330,3501744056,00000000,0,10384
20180328,10196.00,-188,3523753282,00000000,0,10196
20180329,10301.00,105,3579425086,00000000,0,10301
20180330,10381.00,80,3630591875,00000000,0,10381
20180402,10387.00,6,3666924385,00000000,0,10387
20180403,10107.00,-280,3568243983,00000000,0,10107
20180404,10305.00,198,3707467391,00000000,0,10305
20180405,10454.00,149,3775829484,00000000,0,10454
20180406,10564.00,110,3824851571,00000000,0,10564
20180409,10299.00,-265,3754833479,00000000,0,10299
20180410,10326.00,27,3785558951,00000000,0,10326
20180411,10532.00,206,3883857729,00000000,0,10532
20180412,10455.00,-77,3876542282,00000000,0,10455
20180413,10593.00,138,3961724259,00000000,0,10593
20180416,10571.00,-22,3968897698,00000000,0,10571
20180417,10616.00,45,3991776006,00000000,0,10616
20180418,10741.00,125,4068688876,00000000,0,10741
20180419,10778.00,37,4102130421,00000000,0,10778
20180420,10716.00,-62,4089482497,00000000,0,10716
20180423,10661.00,-55,4068352548,00000000,0,10661
20180424,10752.00,91,4118242592,00000000,0,10752
20180425,10621.00,-131,4085645782,00000000,0,10621
20180426,10694.00,73,4128301891,00000000,0,10694
20180427,10798.00,104,4213838583,00000000,0,10798
20180501,10722.00,-76,4201987169,00000000,0,10722
20180502,10800.00,78,4244124367,00000000,0,10800
20180507,10746.00,-54,4280638241,00000000,0,10746
20180508,10778.00,32,4315645401,00000000,0,10778
20180509,10815.00,37,4359868588,00000000,0,10815
20180510,10988.00,173,4440974537,00000000,0,10988
20180511,11044.00,56,4473568513,00000000,0,11044
20180514,11048.00,4,4491792798,00000000,0,11048
20180515,11103.00,55,4520275011,00000000,0,11103
20180516,11085.00,-18,4554505357,00000000,0,11085
20180517,11135.00,50,4605325205,00000000,0,11135
20180518,11190.00,55,4637723317,00000000,0,11190
20180521,11176.00,-14,4644566572,00000000,0,11176
20180522,11244.00,68,4696199521,00000000,0,11244
20180523,11203.00,-41,4710459004,00000000,0,11203
20180524,11116.00,-87,4696329652,00000000,0,11116
20180525,11084.00,-32,4658690141,00000000,0,11084
20180528,11051.00,-33,4653417795,00000000,0,11051
20180529,11023.00,-28,4664855558,00000000,0,11023
20180530,10815.00,-208,4576606647,00000000,0,10815
20180531,10984.00,169,4688041787,00000000,0,10984
20180601,10935.00,-49,4677326193,00000000,0,10935
20180604,11125.00,190,4779180999,00000000,0,11125
20180605,11201.00,76,4853472290,00000000,0,11201
20180606,11202.00,1,4873103095,00000000,0,11202
20180607,11332.00,130,4948997223,00000000,0,11332
20180608,11295.00,-37,4940450967,00000000,0,11295
20180611,11282.00,-13,4932601079,00000000,0,11282
20180612,11394.00,112,4995014972,00000000,0,11394
20180613,11424.00,30,5042962327,00000000,0,11424
20180614,11366.00,-58,5033624751,00000000,0,11366
20180615,11434.00,68,5060595425,00000000,0,11434
20180618,11408.00,-26,5074726241,00000000,0,11408
20180619,11340.00,-68,4839298265,00000000,0,11340
20180620,11290.00,-50,4857137635,00000000,0,11290
20180621,11346.00,56,4897789877,00000000,0,11346
20180622,11233.00,-113,4876163304,00000000,0,11233
20180625,11218.00,-15,4879243276,00000000,0,11218
20180626,11052.00,-166,4803288418,00000000,0,11052
20180627,11107.00,55,4867816787,00000000,0,11107
20180628,11028.00,-79,4841052490,00000000,0,11028
20180629,11146.00,118,4906028051,00000000,0,11146
20180702,11188.00,42,4940269359,00000000,0,11188
20180703,11229.00,41,4968731728,00000000,0,11229
20180704,11120.00,-109,4980515972,00000000,0,11120
20180705,11126.00,6,4988993305,00000000,0,11126
20180706,11254.00,128,5046203197,00000000,0,11254
20180709,11321.00,67,5100008001,00000000,0,11321
20180710,11486.00,165,5175177231,00000000,0,11486
20180711,11513.00,27,5210401757,00000000,0,11513
20180712,11558.00,45,5250612202,00000000,0,11558
20180713,11718.00,160,5322618769,00000000,0,11718
20180717,11689.00,-29,5321480159,00000000,0,11689
20180718,11795.00,106,5372009526,00000000,0,11795
20180719,11795.00,0,5359524245,00000000,0,11795
20180720,11733.00,-62,5327238386,00000000,0,11733
20180723,11549.00,-184,5241530321,00000000,0,11549
20180724,11604.00,55,5283845628,00000000,0,11604
20180725,11662.00,58,5300222702,00000000,0,11662
20180726,11708.00,46,5334176258,00000000,0,11708
20180727,11714.00,6,5354881996,00000000,0,11714
20180730,11636.00,-78,5327936420,00000000,0,11636
20180731,11560.00,-76,5302995876,00000000,0,11560
20180801,11706.00,146,5377438808,00000000,0,11706
20180802,11680.00,-26,5379207338,00000000,0,11680
20180803,11745.00,65,5450469060,00000000,0,11745
20180806,11740.00,-5,5441800377,00000000,0,11740
20180807,11793.00,53,5467978188,00000000,0,11793
20180808,11840.00,47,5503273773,00000000,0,11840
20180809,11779.00,-61,5457970103,00000000,0,11779
20180810,11767.00,-12,5458953191,00000000,0,11767
20180813,11648.00,-119,5411034306,00000000,0,11648
20180814,11628.00,-20,5436061888,00000000,0,11628
20180815,11767.00,139,5516827560,00000000,0,11767
20180816,11595.00,-172,5438748512,00000000,0,11595
20180817,11721.00,126,5518786603,00000000,0,11721
20180820,11725.00,4,5524779774,00000000,0,11725
20180821,11684.00,-41,5516861833,00000000,0,11684
20180822,11738.00,54,5564931580,00000000,0,11738
20180823,11797.00,59,5583738804,00000000,0,11797
20180824,11855.00,58,5616684417,00000000,0,11855
20180827,11895.00,40,5636677201,00000000,0,11895
20180828,11992.00,97,5676194268,00000000,0,11992
20180829,11995.00,3,5707612406,00000000,0,11995
20180830,12120.00,125,5777735631,00000000,0,12120
20180831,11992.00,-128,5719786309,00000000,0,11992
20180903,11987.00,-5,5724739965,00000000,0,11987
20180904,11997.00,10,5739954833,00000000,0,11997
20180905,12025.00,28,5753270354,00000000,0,12025
20180906,11964.00,-61,5764593824,00000000,0,11964
20180907,11843.00,-121,5725088027,20180907,0,11843
20180910,11862.00,19,5739692659,20180907,0,11862
20180911,11941.00,79,5787162932,20180907,0,11941
20180912,11999.00,58,5833266285,20180907,0,11999
20180913,11987.00,-12,5888800860,20180907,0,11987
20180914,12127.00,140,5966063993,20180907,0,12127
20180918,12035.00,-92,5909213019,20180907,0,12035
20180919,12150.00,115,5973656456,20180907,0,12150
20180920,12174.00,24,5996539071,20180907,0,12174
20180921,12296.00,122,6057457925,20180907,0,12296
20180925,12291.00,-5,6071617190,20180907,0,12291
20180926,12266.00,-25,6064858225,20180907,0,12266
20180927,12221.00,-45,6088062196,20180907,0,12221
20180928,12331.00,110,6163038162,20180907,0,12331
20181001,12369.00,38,6195873177,20180907,0,12369
20181002,12421.00,52,6241796012,20180907,0,12421
20181003,12375.00,-46,6268431565,20180907,0,12375
20181004,12473.00,98,6334166081,20180907,0,12473
20181005,12342.00,-131,6266637136,20180907,0,12342
20181009,12144.00,-198,6181323350,20180907,0,12144
20181010,12140.00,-4,6199069864,20180907,0,12140
20181011,11667.00,-473,5988629377,20180907,0,11667
20181012,11412.00,-255,5878549603,20180907,0,11412
20181015,11556.00,144,5970284700,20180907,0,11556
20181016,11473.00,-83,5962076282,20180907,0,11473
20181017,11776.00,303,6188621550,20180907,0,11776
20181018,11804.00,28,6220293449,20180907,0,11804
20181019,11599.00,-205,6126394612,20180907,0,11599
20181022,11608.00,9,6149674237,20180907,0,11608
20181023,11588.00,-20,6166359787,20180907,0,11588
20181024,11494.00,-94,6142470723,20180907,0,11494
20181025,11095.00,-399,5924521451,20180907,0,11095
20181026,11345.00,250,6059862640,20180907,0,11345
20181029,11098.00,-247,5935620609,20180907,0,11098
20181030,11080.00,-18,5938869032,20180907,0,11080
20181031,11329.00,249,6092140869,20180907,0,11329
20181101,11405.00,76,6140602547,20180907,0,11405
20181102,11533.00,128,6212987625,20180907,0,11533
20181105,11498.00,-35,6246251288,20180907,0,11498
20181106,11563.00,65,6292694698,20180907,0,11563
20181107,11628.00,65,6347621565,20180907,0,11628
20181108,11926.00,298,6517022370,20180907,0,11926
20181109,11943.00,17,6539474147,20180907,0,11943
20181112,11825.00,-118,6496881034,20180907,0,11825
20181113,11564.00,-261,6345087926,20180907,0,11564
20181114,11576.00,12,6352162039,20180907,0,11576
20181115,11464.00,-112,6298034595,20180907,0,11464
20181116,11585.00,121,6351398108,20180907,0,11585
20181119,11518.00,-67,6347052691,20180907,0,11518
20181120,11321.00,-197,6246158843,20180907,0,11321
20181121,11139.00,-182,6151360705,20180907,0,11139
20181122,11191.00,52,6194500725,20180907,0,11191
20181126,11112.00,-79,6156365699,20180907,0,11112
20181127,11332.00,220,6278314227,20180907,0,11332
20181128,11397.00,65,6353135007,20180907,0,11397
20181129,11645.00,248,6508787352,20180907,0,11645
20181130,11605.00,-40,6496371811,20180907,0,11605
20181203,11716.00,111,6558801895,20180907,0,11716
20181204,11844.00,128,6639655597,20180907,0,11844
20181205,11390.00,-454,6420960815,20180907,0,11390
20181206,11395.00,5,6425430841,20180907,0,11395
20181207,11362.00,-33,6406847996,20180907,0,11362
20181210,11074.00,-288,6266114400,20180907,0,11074
20181211,11151.00,77,6313307906,20180907,0,11151
20181212,11191.00,40,6359416345,20180907,0,11191
20181213,11239.00,48,6391320867,20180907,0,11239
20181214,11255.00,16,6411295795,20180907,0,11255
20181217,11030.00,-225,6292028224,20180907,0,11030
20181218,10738.00,-292,6125709354,20180907,0,10738
20181219,10710.00,-28,6162846713,20180907,0,10710
20181220,10555.00,-155,6067850026,20180907,0,10555
20181221,10273.00,-282,5905883169,20180907,0,10273
20181225,9676.00,-597,5557561807,20180907,0,9676
20181226,9730.00,54,5596857453,20180907,0,9730
20181227,10254.00,524,5898247680,20180907,0,10254
20181228,10333.00,79,5929708285,20180907,0,10333
20190104,9858.00,-475,5676003317,20180907,0,9858
20190107,10279.00,421,5882803030,20180907,0,10279
20190108,10376.00,97,6003091047,20180907,0,10376
20190109,10469.00,93,6035696439,20180907,0,10469
20190110,10466.00,-3,6054652015,20180907,0,10466
20190111,10539.00,73,6054390423,20180907,0,10539
20190115,10477.00,-62,6037014311,20180907,0,10477
20190116,10592.00,115,6061435125,20180907,0,10592
20190117,10668.00,76,6153455772,20180907,0,10668
20190118,10792.00,124,6182018056,20180907,0,10792
20190121,10962.00,170,6284925304,20180907,0,10962
20190122,10964.00,2,6249141556,20180907,0,10964
20190123,10790.00,-174,6150353354,20180907,0,10790
20190124,10818.00,28,6144137416,20180907,0,10818
20190125,10854.00,36,6122970865,20180907,0,10854
20190128,10905.00,51,6150139688,20180907,0,10905
20190129,10803.00,-102,6109915382,20180907,0,10803
20190130,10811.00,8,6127140423,20180907,0,10811
20190131,10934.00,123,6200190420,20180907,0,10934
20190201,11028.00,94,6254951712,20180907,0,11028
20190204,11097.00,69,6304694302,20180907,0,11097
20190205,11224.00,127,6420815436,20180907,0,11224
20190206,11255.00,31,6444890649,20180907,0,11255
20190207,11243.00,-12,6467826133,20180907,0,11243
20190208,11129.00,-114,6399376785,20180907,0,11129
20190212,11219.00,90,6423785605,20180907,0,11219
20190213,11364.00,145,6496109695,20180907,0,11364
20190214,11444.00,80,6562594210,20180907,0,11444
20190215,11362.00,-82,6513175821,20180907,0,11362
20190218,11498.00,136,6585148532,20180907,0,11498
20190219,11497.00,-1,6614270016,20180907,0,11497
20190220,11537.00,40,6637140757,20180907,0,11537
20190221,11554.00,17,6633909614,20180907,0,11554
20190222,11523.00,-31,6628801160,20180907,0,11523
20190225,11595.00,72,6662399748,20180907,0,11595
20190226,11636.00,41,6673141562,20180907,0,11636
20190227,11582.00,-54,6656705812,20180907,0,11582
20190228,11606.00,24,6678530280,20180907,0,11606
20190301,11647.00,41,6699008174,20180907,0,11647
20190304,11780.00,133,6780357496,20180907,0,11780
20190305,11720.00,-60,6796068372,20180907,0,11720
20190306,11689.00,-31,6782034920,20180907,0,11689
20190307,11607.00,-82,6747560677,20180907,0,11607
20190308,11505.00,-102,6690506879,20180907,0,11505
20190311,11416.00,-89,6634001023,20180907,0,11416
20190312,11637.00,221,6762642520,20180907,0,11637
20190313,11655.00,18,6782067508,20180907,0,11655
20190314,11736.00,81,6833467364,20180907,0,11736
20190315,11798.00,62,6867182200,20180907,0,11798
20190318,11818.00,20,6875390834,20180907,0,11818
20190319,11837.00,19,6923965432,20180907,0,11837
20190320,11870.00,33,6931254946,20180907,0,11870
20190322,11864.00,-6,6925303806,20180907,0,11864
20190325,11552.00,-312,6762394989,20180907,0,11552
20190326,11574.00,22,6719816113,20180907,0,11574
20190327,11692.00,118,6806864832,20180907,0,11692
20190328,11619.00,-73,6775242997,20180907,0,11619
20190329,11729.00,110,6847417047,20180907,0,11729
20190401,11820.00,91,6902973967,20180907,0,11820
20190402,11994.00,174,6975658441,20180907,0,11994
20190403,12003.00,9,7032848070,20180907,0,12003
20190404,12030.00,27,7042023867,20180907,0,12030
20190405,12087.00,57,7080743073,20180907,0,12087
20190408,12103.00,16,7073211621,20180907,0,12103
20190409,12114.00,11,7078199186,20180907,0,12114
20190410,12021.00,-93,6971706720,20180907,0,12021
20190411,12054.00,33,6984692826,20180907,0,12054
20190412,12128.00,74,7028961801,20180907,0,12128
20190415,12234.00,106,7091569133,20180907,0,12234
20190416,12225.00,-9,7087422781,20180907,0,12225
20190417,12247.00,22,7136549581,20180907,0,12247
20190418,12208.00,-39,7093059811,20180907,0,12208
20190419,12226.00,18,7095742807,20180907,0,12226
20190422,12224.00,-2,7079508936,20180907,0,12224
20190423,12222.00,-2,7078307591,20180907,0,12222
20190424,12340.00,118,7155890992,20180907,0,12340
20190425,12349.00,9,7163901243,20180907,0,12349
20190426,12297.00,-52,7130727273,20180907,0,12297
20190507,12200.00,-97,7070203310,20180907,0,12200
20190508,11944.00,-256,6929627426,20180907,0,11944
20190509,11906.00,-38,6994011938,20180907,0,11906
20190510,11857.00,-49,6962245073,20180907,0,11857
20190513,11893.00,36,6994027099,20180907,0,11893
20190514,11569.00,-324,6819640373,20180907,0,11569
20190515,11687.00,118,6911756080,20180907,0,11687
20190516,11745.00,58,6946555105,20180907,0,11745
20190517,11905.00,160,7098151071,20180907,0,11905
20190520,11854.00,-51,7071860514,20180907,0,11854
20190521,11775.00,-79,7043391423,20180907,0,11775
20190522,11914.00,139,7156012241,20180907,0,11914
20190523,11853.00,-61,7123828054,20180907,0,11853
20190524,11654.00,-199,7011809714,20180907,0,11654
20190527,11648.00,-6,7014843930,20180907,0,11648
20190528,11655.00,7,7026637748,20180907,0,11655
20190529,11524.00,-131,6947979005,20180907,0,11524
20190530,11480.00,-44,6960150727,20180907,0,11480
20190531,11479.00,-1,6963106581,20180907,0,11479
20190603,11224.00,-255,6815787274,20180907,0,11224
20190604,11148.00,-76,6776222009,20180907,0,11148
20190605,11411.00,263,6995777625,20180907,0,11411
20190606,11535.00,124,7079906935,20180907,0,11535
20190607,11621.00,86,7144238967,20180907,0,11621
20190610,11743.00,122,7225028069,20180907,0,11743
20190611,11797.00,54,7265603515,20180907,0,11797
20190612,11803.00,6,7298283232,20180907,0,11803
20190613,11769.00,-34,7279849334,20180907,0,11769
20190614,11813.00,44,7173781068,20180907,0,11813
20190617,11820.00,7,7179387959,20180907,0,11820
20190618,11820.00,0,7180931547,20180907,0,11820
20190619,11929.00,109,7304569021,20180907,0,11929
20190620,11883.00,-46,7281643293,20180907,0,11883
20190621,11952.00,69,7329624130,20180907,0,11952
20190624,11938.00,-14,7335791299,20180907,0,11938
20190625,11905.00,-33,7319639533,20180907,0,11905
20190626,11798.00,-107,7254698193,20180907,0,11798
20190627,11826.00,28,7288386750,20180907,0,11826
20190628,11881.00,55,7333524262,20180907,0,11881
20190701,11997.00,116,7413387041,20180907,0,11997
20190702,12120.00,123,7503286149,20180907,0,12120
20190703,12068.00,-52,7532740417,20180907,0,12068
20190704,12174.00,106,7597826404,20180907,0,12174
20190705,12185.00,11,7588457119,20180907,0,12185
20190708,12237.00,52,7620527228,20180907,0,12237
20190709,12214.00,-23,7607758347,20180907,0,12214
20190710,12247.00,33,7612759737,20180907,0,12247
20190711,12211.00,-36,7581956673,20180907,0,12211
20190712,12276.00,65,7629257493,20180907,0,12276
20190716,12273.00,-3,7606934301,20180907,0,12273
20190717,12271.00,-2,7612350888,20180907,0,12271
20190718,12136.00,-135,7556732909,20180907,0,12136
20190719,12149.00,13,7561628985,20180907,0,12149
20190722,12124.00,-25,7552279688,20180907,0,12124
20190723,12165.00,41,7576274730,20180907,0,12165
20190724,12267.00,102,7658457886,20180907,0,12267
20190725,12327.00,60,7700088899,20180907,0,12327
20190726,12323.00,-4,7705531337,20180907,0,12323
20190729,12378.00,55,7764449593,20180907,0,12378
20190730,12408.00,30,7791218527,20180907,0,12408
20190731,12348.00,-60,7766612512,20180907,0,12348
20190801,12285.00,-63,7731603097,20180907,0,12285
20190802,11940.00,-345,7526500690,20180907,0,11940
20190805,11764.00,-176,7489077012,20180907,0,11764
20190806,11359.00,-405,7238011576,20180907,0,11359
20190807,11543.00,184,7380841980,20180907,0,11543
20190808,11546.00,3,7412489880,20180907,0,11546
20190809,11756.00,210,7582006080,20180907,0,11756
20190813,11476.00,-280,7424459627,20180907,0,11476
20190814,11752.00,276,7616868917,20180907,0,11752
20190815,11374.00,-378,7401907983,20180907,0,11374
20190816,11414.00,40,7444925336,20180907,0,11414
20190819,11609.00,195,7644875458,20180907,0,11609
20190820,11776.00,167,7768277314,20180907,0,11776
20190821,11652.00,-124,7707319760,20180907,0,11652
20190822,11777.00,125,7810683387,20180907,0,11777
20190823,11776.00,-1,7783158713,20180907,0,11776
20190826,11301.00,-475,7487164360,20180907,0,11301
20190827,11507.00,206,7633778683,20180907,0,11507
20190828,11457.00,-50,7640631272,20180907,0,11457
20190829,11566.00,109,7730003200,20180907,0,11566
20190830,11763.00,197,7871891847,20180907,0,11763
20190902,11733.00,-30,7852790538,20180907,0,11733
20190903,11753.00,20,7872408334,20180907,0,11753
20190904,11631.00,-122,7790405832,20180907,0,11631
20190905,11815.00,184,7985013223,20180907,0,11815
20190906,12044.00,229,8142431063,20180907,0,12044
20190909,12040.00,-4,8143944577,20190909,0,12040
20190910,12099.00,59,8179758978,20190909,0,12099
20190911,12126.00,27,8197292255,20190909,0,12126
20190912,12263.00,137,8307453020,20190909,0,12263
20190913,12319.00,56,8332293823,20190909,0,12319
20190917,12268.00,-51,8276272417,20190909,0,12268
20190918,12299.00,31,8285235787,20190909,0,12299
20190919,12330.00,31,8326585545,20190909,0,12330
20190920,12288.00,-42,8280850880,20190909,0,12288
20190924,12182.00,-106,8201173093,20190909,0,12182
20190925,12015.00,-167,8105353066,20190909,0,12015
20190926,12158.00,143,8199500626,20190909,0,12158
20190927,12142.00,-16,8210421731,20190909,0,12142
20190930,12087.00,-55,8179163034,20190909,0,12087
20191001,12180.00,93,8246672170,20190909,0,12180
20191002,11978.00,-202,8128849257,20190909,0,11978
20191003,11695.00,-283,7993766472,20190909,0,11695
20191004,11767.00,72,8056947931,20190909,0,11767
20191007,11920.00,153,8159282550,20190909,0,11920
20191008,11939.00,19,8187430057,20190909,0,11939
20191009,11724.00,-215,8068838782,20190909,0,11724
20191010,11862.00,138,8167284486,20190909,0,11862
20191011,12023.00,161,8282011262,20190909,0,12023
20191015,12171.00,148,8404478189,20190909,0,12171
20191016,12329.00,158,8520690616,20190909,0,12329
20191017,12305.00,-24,8569214046,20190909,0,12305
20191018,12335.00,30,8586256389,20190909,0,12335
20191021,12266.00,-69,8500520018,20190909,0,12266
20191023,12292.00,26,8524838890,20190909,0,12292
20191024,12359.00,67,8568970284,20190909,0,12359
20191025,12389.00,30,8591410975,20190909,0,12389
20191028,12446.00,57,8629568512,20190909,0,12446
20191029,12538.00,92,8708735136,20190909,0,12538
20191030,12513.00,-25,8689422117,20190909,0,12513
20191031,12557.00,44,8694801672,20190909,0,12557
20191101,12422.00,-135,8598574569,20190909,0,12422
20191105,12677.00,255,8774588267,20190909,0,12677
20191106,12696.00,19,8843985179,20190909,0,12696
20191107,12689.00,-7,8841026104,20190909,0,12689
20191108,12781.00,92,8894074119,20190909,0,12781
20191111,12788.00,7,8887996095,20190909,0,12788
20191112,12765.00,-23,8861858281,20190909,0,12765
20191113,12758.00,-7,8861880862,20190909,0,12758
20191114,12754.00,-4,8850832609,20190909,0,12754
20191115,12745.00,-9,8850340949,20190909,0,12745
20191118,12868.00,123,8934807314,20190909,0,12868
20191119,12843.00,-25,8977768656,20190909,0,12843
20191120,12844.00,1,8981178480,20190909,0,12844
20191121,12775.00,-69,8926161303,20190909,0,12775
20191122,12788.00,13,8949715916,20190909,0,12788
20191125,12829.00,41,8976713700,20190909,0,12829
20191126,12955.00,126,9066670223,20190909,0,12955
20191127,12993.00,38,9116441896,20190909,0,12993
20191128,13080.00,87,9169910772,20190909,0,13080
20191129,13099.00,19,9188357288,20190909,0,13099
20191202,13064.00,-35,9163761808,20190909,0,13064
20191203,12890.00,-174,9022571105,20190909,0,12890
20191204,12736.00,-154,8980483607,20190909,0,12736
20191205,12856.00,120,9067545923,20190909,0,12856
20191206,12868.00,12,9079695817,20190909,0,12868
20191209,12960.00,92,9157005603,20190909,0,12960
20191210,12928.00,-32,9136863125,20190909,0,12928
20191211,12928.00,0,9141443249,20190909,0,12928
20191212,12935.00,7,9166543065,20190909,0,12935
20191213,13171.00,236,9335255402,20190909,0,13171
20191216,13160.00,-11,9344172814,20190909,0,13160
20191217,13271.00,111,9420336425,20190909,0,13271
20191218,13271.00,0,9534991329,20190909,0,13271
20191219,13289.00,18,9547595341,20190909,0,13289
20191220,13313.00,24,9589865320,20190909,0,13313
20191223,13376.00,63,9629583303,20190909,0,13376
20191224,13394.00,18,9663115867,20190909,0,13394
20191225,13378.00,-16,9630385722,20190909,0,13378
20191226,13406.00,28,9655109752,20190909,0,13406
20191227,13488.00,82,9714453606,20190909,0,13488
20191230,13473.00,-15,9734362487,20190909,0,13473
20200106,13279.00,-194,9615809663,20190909,0,13279
20200107,13366.00,87,9699636219,20190909,0,13366
20200108,13255.00,-111,9698143998,20190909,0,13255
20200109,13495.00,240,9879285957,20190909,0,13495
20200110,13629.00,134,9985861774,20190909,0,13629
20200114,13759.00,130,10099737173,20190909,0,13759
20200115,13712.00,-47,10106026733,20190909,0,13712
20200116,13739.00,27,10124354515,20190909,0,13739
20200117,13901.00,162,10320160824,20190909,0,13901
20200120,13936.00,35,10352229490,20190909,0,13936
20200121,13942.00,6,10382555755,20190909,0,13942
20200122,13866.00,-76,10325500703,20190909,0,13866
20200123,13846.00,-20,10359424862,20190909,0,13846
20200124,13845.00,-1,10369025642,20190909,0,13845
20200127,13653.00,-192,10226123975,20190909,0,13653
20200128,13414.00,-239,10056828385,20190909,0,13414
20200129,13577.00,163,10185039679,20190909,0,13577
20200130,13557.00,-20,10184146912,20190909,0,13557
20200131,13607.00,50,10219357814,20190909,0,13607
20200203,13300.00,-307,10011201002,20190909,0,13300
20200204,13407.00,107,10106680650,20190909,0,13407
20200205,13716.00,309,10437685370,20190909,0,13716
20200206,13921.00,205,10612991492,20190909,0,13921
20200207,13977.00,56,10670197046,20190909,0,13977
20200210,13873.00,-104,10602855897,20190909,0,13873
20200212,14022.00,149,10701179019,20190909,0,14022
20200213,14122.00,100,10803935817,20190909,0,14122
20200214,14100.00,-22,10781959349,20190909,0,14100
20200217,14115.00,15,10785725306,20190909,0,14115
20200218,14122.00,7,10831150010,20190909,0,14122
20200219,14093.00,-29,10808977261,20190909,0,14093
20200220,14335.00,242,11110222396,20190909,0,14335
20200221,14385.00,50,11159460866,20190909,0,14385
20200225,13612.00,-773,10591381984,20190909,0,13612
20200226,13130.00,-482,10235474137,20190909,0,13130
20200227,13080.00,-50,10312201712,20190909,0,13080
20200228,12401.00,-679,9831798457,20190909,0,12401
20200302,12099.00,-302,9632540625,20190909,0,12099
20200303,12729.00,630,10140137809,20190909,0,12729
20200304,12271.00,-458,9794493821,20190909,0,12271
20200305,12813.00,542,10282614731,20190909,0,12813
20200306,12231.00,-582,9839039100,20190909,0,12231
20200309,11542.00,-689,9313692426,20190909,0,11542
20200310,10790.00,-752,8760374428,20190909,0,10790
20200311,11507.00,717,9317111589,20190909,0,11507
20200312,10918.00,-589,8895698881,20190909,0,10918
20200313,9933.00,-985,8076439062,20190909,0,9933
20200316,11033.00,1100,8999069266,20190909,0,11033
20200317,9697.00,-1336,7887174961,20190909,0,9697
20200318,10350.00,653,8557763088,20190909,0,10350
20200319,9959.00,-391,8270040595,20190909,0,9959
20200323,9727.00,-232,8114207723,20190909,0,9727
20200324,9428.00,-299,7886138176,20190909,0,9428
20200325,10366.00,938,8710432291,20190909,0,10366
20200326,10450.00,84,8814027682,20190909,0,10450
20200327,10913.00,463,9286981967,20190909,0,10913
20200330,10430.00,-483,8896251471,20190909,0,10430
20200331,10891.00,461,9315250290,20190909,0,10891
20200401,10598.00,-293,9093019739,20190909,0,10598
20200402,10120.00,-478,8706620771,20190909,0,10120
20200403,10413.00,293,9020088718,20190909,0,10413
20200406,10340.00,-73,8966071371,20190909,0,10340
20200407,11072.00,732,9614068041,20190909,0,11072
20200408,11016.00,-56,9596922459,20190909,0,11016
20200409,11435.00,419,9978604132,20190909,0,11435
20200410,11554.00,119,10093236992,20190909,0,11554
20200413,11514.00,-40,10072283126,20190909,0,11514
20200414,11336.00,-178,9916703855,20190909,0,11336
20200415,11634.00,298,10200872348,20190909,0,11634
20200416,11433.00,-201,10033844991,20190909,0,11433
20200417,11524.00,91,10214482362,20190909,0,11524
20200420,11828.00,304,10495588443,20190909,0,11828
20200421,11607.00,-221,10300589275,20190909,0,11607
20200422,11258.00,-349,10033358804,20190909,0,11258
20200423,11512.00,254,10258048935,20190909,0,11512
20200424,11495.00,-17,10221436597,20190909,0,11495
20200427,11642.00,147,10358020175,20190909,0,11642
20200428,11782.00,140,10487543309,20190909,0,11782
20200430,11982.00,200,10714449720,20190909,0,11982
20200501,11914.00,-68,10664454418,20190909,0,11914
20200507,11550.00,-364,10364132590,20190909,0,11550
20200508,11697.00,147,10553984283,20190909,0,11697
20200511,11961.00,264,10812598003,20190909,0,11961
20200512,12025.00,64,10891222420,20190909,0,12025
20200513,11739.00,-286,10657970532,20190909,0,11739
20200514,11509.00,-230,10459428266,20190909,0,11509
20200515,11703.00,194,10650531730,20190909,0,11703
20200518,11724.00,21,10668288197,20190909,0,11724
20200519,12111.00,387,11130934607,20190909,0,12111
20200520,12055.00,-56,11095628797,20190909,0,12055
20200521,12233.00,178,11255224288,20190909,0,12233
20200522,12140.00,-93,11192376170,20190909,0,12140
20200525,12157.00,17,11185762959,20190909,0,12157
20200526,12171.00,14,11205372444,20190909,0,12171
20200527,12292.00,121,11316811959,20190909,0,12292
20200528,12521.00,229,11576594680,20190909,0,12521
20200529,12452.00,-69,11518609782,20190909,0,12452
20200601,12533.00,81,11594613992,20190909,0,12533
20200602,12567.00,34,11654685112,20190909,0,12567
20200603,12804.00,237,11968616680,20190909,0,12804
20200604,12997.00,193,12140331749,20190909,0,12997
20200605,12980.00,-17,12117966175,20190909,0,12980
20200608,13367.00,387,12447534811,20190909,0,13367
20200609,13355.00,-12,12440097092,20190909,0,13355
20200610,13218.00,-137,12309526271,20190909,0,13218
20200611,13050.00,-168,12134819193,20190909,0,13050
20200612,12251.00,-799,11402240894,20190909,0,12251
20200615,12473.00,222,11569767854,20190909,0,12473
20200616,12588.00,115,11643430053,20190909,0,12588
20200617,12830.00,242,11957212791,20190909,0,12830
20200618,12715.00,-115,11853279628,20190909,0,12715
20200619,12743.00,28,11887412352,20190909,0,12743
20200622,12650.00,-93,11849659114,20190909,0,12650
20200623,12757.00,107,11959223710,20190909,0,12757
20200624,12759.00,2,11997271575,20190909,0,12759
20200625,12493.00,-266,11729737012,20190909,0,12493
20200626,12637.00,144,11829745365,20190909,0,12637
20200629,12345.00,-292,11604375485,20190909,0,12345
20200630,12586.00,241,11847959444,20190909,0,12586
20200701,12824.00,238,12088785737,20190909,0,12824
20200702,12814.00,-10,12103621633,20190909,0,12814
20200703,12882.00,68,12249225120,20190909,0,12882
20200706,12895.00,13,12261611435,20190909,0,12895
20200707,13057.00,162,12415364664,20190909,0,13057
20200708,12962.00,-95,12330819944,20190909,0,12962
20200709,13018.00,56,12389841503,20190909,0,13018
20200710,12925.00,-93,12304464321,20190909,0,12925
20200713,13025.00,100,12381238545,20190909,0,13025
20200714,12956.00,-69,12333338520,20190909,0,12956
20200715,13133.00,177,12507627535,20190909,0,13133
20200716,13215.00,82,12579804652,20190909,0,13215
20200717,13205.00,-10,12689702343,20190909,0,13205
20200720,13273.00,68,12736767917,20190909,0,13273
20200721,13351.00,78,12813885015,20190909,0,13351
20200722,13329.00,-22,12814588070,20190909,0,13329
20200727,13027.00,-302,12517008207,20190909,0,13027
20200728,13065.00,38,12548014843,20190909,0,13065
20200729,12956.00,-109,12486453538,20190909,0,12956
20200730,13110.00,154,12651050554,20190909,0,13110
20200731,13003.00,-107,12553446330,20190909,0,13003
20200803,13294.00,291,12840532726,20190909,0,13294
20200804,13390.00,96,12954663673,20190909,0,13390
20200805,13372.00,-18,13009290618,20190909,0,13372
20200806,13445.00,73,13075815832,20190909,0,13445
20200807,13544.00,99,13153763383,20190909,0,13544
20200811,13667.00,123,13262608815,20190909,0,13667
20200812,13608.00,-59,13200280673,20190909,0,13608
20200813,13817.00,209,13437640665,20190909,0,13817
20200814,13828.00,11,13448106776,20190909,0,13828
20200817,13770.00,-58,13384851855,20190909,0,13770
20200818,13715.00,-55,13324964130,20190909,0,13715
20200819,13665.00,-50,13427393346,20190909,0,13665
20200820,13724.00,59,13490794090,20190909,0,13724
20200821,13716.00,-8,13489908732,20190909,0,13716
20200824,13778.00,62,13587248663,20190909,0,13778
20200825,13945.00,167,13757571477,20190909,0,13945
20200826,14053.00,108,13877978006,20190909,0,14053
20200827,14127.00,74,13952594827,20190909,0,14127
20200828,14249.00,122,14085634049,20190909,0,14249
20200831,14170.00,-79,14021592514,20190909,0,14170
20200901,14210.00,40,14074117241,20190909,0,14210
20200902,14337.00,127,14218893480,20190909,0,14337
20200903,14587.00,250,14564964436,20190909,0,14587
20200904,14068.00,-519,14046097408,20190909,0,14068
20200907,13978.00,-90,13956767865,20200907,0,13978
20200908,13972.00,-6,14000517669,20200907,0,13972
20200909,13545.00,-427,13572933373,20200907,0,13545
20200910,13847.00,302,13919675840,20200907,0,13847
20200911,13596.00,-251,13699970929,20200907,0,13596
20200914,13606.00,10,13752963832,20200907,0,13606
20200915,13727.00,121,13893081078,20200907,0,13727
20200916,13753.00,26,13941077165,20200907,0,13753
20200917,13649.00,-104,13984985797,20200907,0,13649
20200918,13506.00,-143,13857831439,20200907,0,13506
20200923,13373.00,-133,13741261088,20200907,0,13373
20200924,13098.00,-275,13478954260,20200907,0,13098
20200925,13150.00,52,13597037490,20200907,0,13150
20200928,13336.00,186,13809467355,20200907,0,13336
20200929,13550.00,214,14082875841,20200907,0,13550
20200930,13542.00,-8,14154998156,20200907,0,13542
20201001,13620.00,78,14255580172,20200907,0,13620
20201002,13697.00,77,14320390199,20200907,0,13697
20201005,13569.00,-128,14256628629,20200907,0,13569
20201006,13822.00,253,14520492857,20200907,0,13822
20201007,13633.00,-189,14333204872,20200907,0,13633
20201008,13920.00,287,14633482988,20200907,0,13920
20201009,14025.00,105,14748577886,20200907,0,14025
20201012,14106.00,81,14840522287,20200907,0,14106
20201013,14297.00,191,15031403330,20200907,0,14297
20201014,14215.00,-82,14926302160,20200907,0,14215
20201015,14100.00,-115,14775383293,20200907,0,14100
20201016,14093.00,-7,14751021049,20200907,0,14093
20201019,14097.00,4,14895152237,20200907,0,14097
20201020,13895.00,-202,14686112394,20200907,0,13895
20201021,13935.00,40,14759792836,20200907,0,13935
20201022,13804.00,-131,14677436334,20200907,0,13804
20201023,13886.00,82,14773430898,20200907,0,13886
20201026,13932.00,46,14835296725,20200907,0,13932
20201027,13688.00,-244,14588113238,20200907,0,13688
20201028,13600.00,-88,14540455262,20200907,0,13600
20201029,13117.00,-483,14008560126,20200907,0,13117
20201030,13295.00,178,14214870050,20200907,0,13295
20201102,13158.00,-137,14114266906,20200907,0,13158
20201104,13528.00,370,14552878080,20200907,0,13528
20201105,13791.00,263,14971488870,20200907,0,13791
20201106,13983.00,192,15192254712,20200907,0,13983
20201109,13933.00,-50,15154564901,20200907,0,13933
20201110,14353.00,420,15589790205,20200907,0,14353
20201111,14327.00,-26,15540349831,20200907,0,14327
20201112,14472.00,145,15704583301,20200907,0,14472
20201113,14273.00,-199,15420205376,20200907,0,14273
20201116,14426.00,153,15565498135,20200907,0,14426
20201117,14567.00,141,15706494084,20200907,0,14567
20201118,14444.00,-123,15699075532,20200907,0,14444
20201119,14247.00,-197,15487172789,20200907,0,14247
20201120,14306.00,59,15567089517,20200907,0,14306
20201124,14387.00,81,15651173597,20200907,0,14387
20201125,14606.00,219,15927406166,20200907,0,14606
20201126,14563.00,-43,15890548663,20200907,0,14563
20201127,14536.00,-27,15889308015,20200907,0,14536
20201130,14536.00,0,15888977379,20200907,0,14536
20201201,14523.00,-13,15891389136,20200907,0,14523
20201202,14698.00,175,16122174152,20200907,0,14698
20201203,14747.00,49,16281154008,20200907,0,14747
20201204,14646.00,-101,16179067655,20200907,0,14646
20201207,14812.00,166,16376055000,20200907,0,14812
20201208,14785.00,-27,16347000790,20200907,0,14785
20201209,14835.00,50,16435254526,20200907,0,14835
20201210,14733.00,-102,16318744567,20200907,0,14733
20201211,14679.00,-54,16260697499,20200907,0,14679
20201214,14664.00,-15,16300224848,20200907,0,14664
20201215,14612.00,-52,16264555930,20200907,0,14612
20201216,14748.00,136,16443045902,20200907,0,14748
20201217,14732.00,-16,16610050883,20200907,0,14732
20201218,14790.00,58,16681993105,20200907,0,14790
20201221,14764.00,-26,16671944805,20200907,0,14764
20201222,14697.00,-67,16631113208,20200907,0,14697
20201223,14712.00,15,16722221082,20200907,0,14712
20201224,14721.00,9,16712262927,20200907,0,14721
20201225,14752.00,31,16774730798,20200907,0,14752
20201228,14772.00,20,16840642470,20200907,0,14772
20201229,14929.00,157,17020219954,20200907,0,14929
20201230,14851.00,-78,17018025010,20200907,0,14851
20210104,14907.00,56,17105904704,20200907,0,14907
20210105,14698.00,-209,16892825501,20200907,0,14698
20210106,14735.00,37,17096103157,20200907,0,14735
20210107,14864.00,129,17267186947,20200907,0,14864
20210108,15214.00,350,17686561322,20200907,0,15214
20210112,15254.00,40,17758728698,20200907,0,15254
20210113,15179.00,-75,17681194659,20200907,0,15179
20210114,15254.00,75,17806237016,20200907,0,15254
20210115,15182.00,-72,17743033354,20200907,0,15182
20210118,15071.00,-111,17610158782,20200907,0,15071
20210119,15058.00,-13,17786146060,20200907,0,15058
20210120,15208.00,150,17963916317,20200907,0,15208
20210121,15373.00,165,18249183302,20200907,0,15373
20210122,15368.00,-5,18291182167,20200907,0,15368
20210125,15367.00,-1,18316988657,20200907,0,15367
20210126,15412.00,45,18390488932,20200907,0,15412
20210127,15376.00,-36,18415400718,20200907,0,15376
20210128,15069.00,-307,18089037965,20200907,0,15069
20210129,15245.00,176,18371089773,20200907,0,15245
20210201,14981.00,-264,18070432085,20200907,0,14981
20210202,15251.00,270,18421648674,20200907,0,15251
20210203,15481.00,230,18955386140,20200907,0,15481
20210204,15497.00,16,18990354336,20200907,0,15497
20210205,15745.00,248,19300949647,20200907,0,15745
20210208,15808.00,63,19410871863,20200907,0,15808
20210209,15870.00,62,19504098858,20200907,0,15870
20210210,15771.00,-99,19421215772,20200907,0,15771
20210212,15813.00,42,19469456584,20200907,0,15813
20210215,15945.00,132,19703010587,20200907,0,15945
20210216,16001.00,56,19811884021,20200907,0,16001
20210217,16096.00,95,19929530241,20200907,0,16096
20210218,16029.00,-67,20100987257,20200907,0,16029
20210219,15955.00,-74,20054302737,20200907,0,15955
20210222,15893.00,-62,20020003062,20200907,0,15893
20210224,15777.00,-116,19854140212,20200907,0,15777
20210225,16053.00,276,20298512338,20200907,0,16053
20210226,15691.00,-362,19864457687,20200907,0,15691
20210301,15652.00,-39,19824258947,20200907,0,15652
20210302,16082.00,430,20439518194,20200907,0,16082
20210303,15940.00,-142,20487786076,20200907,0,15940
20210304,15763.00,-177,20272829935,20200907,0,15763
20210305,15687.00,-76,20185514554,20200907,0,15687
20210308,16061.00,374,20682945751,20200907,0,16061
20210309,16087.00,26,20746265623,20200907,0,16087
20210310,16233.00,146,20946287260,20200907,0,16233
20210311,16324.00,91,21055967384,20200907,0,16324
20210312,16507.00,183,21351242165,20200907,0,16507
20210315,16597.00,90,21485796761,20200907,0,16597
20210316,16733.00,136,21685845736,20200907,0,16733
20210317,16691.00,-42,21837977589,20200907,0,16691
20210318,16714.00,23,21942585466,20200907,0,16714
20210319,16488.00,-226,21667393688,20200907,0,16488
20210322,16446.00,-42,21643151939,20200907,0,16446
20210323,16554.00,108,21819307569,20200907,0,16554
20210324,16396.00,-158,21676926385,20200907,0,16396
20210325,16343.00,-53,21620519228,20200907,0,16343
20210326,16493.00,150,21862723689,20200907,0,16493
20210329,16816.00,323,22367394119,20200907,0,16816
20210330,16837.00,21,22416121244,20200907,0,16837
20210331,16915.00,78,22581929187,20200907,0,16915
20210401,16998.00,83,22700846221,20200907,0,16998
20210402,17170.00,172,22995271689,20200907,0,17170
20210405,17167.00,-3,23127247690,20200907,0,17167
20210406,17361.00,194,23388655931,20200907,0,17361
20210407,17272.00,-89,23301877702,20200907,0,17272
20210408,17298.00,26,23356905192,20200907,0,17298
20210409,17293.00,-5,23373976621,20200907,0,17293
20210412,17496.00,203,23669436397,20200907,0,17496
20210413,17466.00,-30,23619858829,20200907,0,17466
20210414,17407.00,-59,23602042238,20200907,0,17407
20210415,17347.00,-60,23546847444,20200907,0,17347
20210416,17509.00,162,23815218221,20200907,0,17509
20210419,17561.00,52,24158368611,20200907,0,17561
20210420,17395.00,-166,23947155121,20200907,0,17395
20210421,17257.00,-138,23826332901,20200907,0,17257
20210422,17413.00,156,24118568090,20200907,0,17413
20210423,17236.00,-177,23924139298,20200907,0,17236
20210426,17416.00,180,24201733991,20200907,0,17416
20210427,17491.00,75,24287720775,20200907,0,17491
20210428,17612.00,121,24590219772,20200907,0,17612
20210430,17717.00,105,24801755157,20200907,0,17717
20210506,17597.00,-120,24684984273,20200907,0,17597
20210507,17713.00,116,25025646385,20200907,0,17713
20210510,17784.00,71,25333677452,20200907,0,17784
20210511,17635.00,-149,25198234323,20200907,0,17635
20210512,17451.00,-184,25037049094,20200907,0,17451
20210513,17209.00,-242,24744749582,20200907,0,17209
20210514,17420.00,211,25085180826,20200907,0,17420
20210517,17652.00,232,25451998329,20200907,0,17652
20210518,17571.00,-81,25354049162,20200907,0,17571
20210519,17387.00,-184,25359513816,20200907,0,17387
20210520,17378.00,-9,25372886875,20200907,0,17378
20210521,17507.00,129,25639987627,20200907,0,17507
20210524,17507.00,0,25704503591,20200907,0,17507
20210525,17661.00,154,25984623181,20200907,0,17661
20210526,17607.00,-54,25952386852,20200907,0,17607
20210527,17706.00,99,26182619212,20200907,0,17706
20210528,17858.00,152,26436258651,20200907,0,17858
20210531,17842.00,-16,26487895459,20200907,0,17842
20210601,17785.00,-57,26430171680,20200907,0,17785
20210602,17815.00,30,26474135580,20200907,0,17815
20210603,17832.00,17,26727692985,20200907,0,17832
20210604,17881.00,49,26831335522,20200907,0,17881
20210607,17923.00,42,26894546118,20200907,0,17923
20210608,17889.00,-34,26881782990,20200907,0,17889
20210609,17894.00,5,26984972245,20200907,0,17894
20210610,17894.00,0,27013109224,20200907,0,17894
20210611,17946.00,52,27137405076,20200907,0,17946
20210614,18038.00,92,27346819772,20200907,0,18038
20210615,18125.00,87,27482390431,20200907,0,18125
20210616,18096.00,-29,27505943452,20200907,0,18096
20210617,18102.00,6,27813824759,20200907,0,18102
20210618,18019.00,-83,27728269142,20200907,0,18019
20210621,17769.00,-250,27374194251,20200907,0,17769
20210622,18023.00,254,27857426786,20200907,0,18023
20210623,18191.00,168,28287775712,20200907,0,18191
20210624,18224.00,33,28378489584,20200907,0,18224
20210625,18320.00,96,28528309316,20200907,0,18320
20210628,18331.00,11,28604344375,20200907,0,18331
20210629,18345.00,14,28751413259,20200907,0,18345
20210630,18362.00,17,28900857303,20200907,0,18362
20210701,18469.00,107,29174177143,20200907,0,18469
20210702,18663.00,194,29580072082,20200907,0,18663
20210705,18721.00,58,29866369968,20200907,0,18721
20210706,18673.00,-48,29826813225,20200907,0,18673
20210707,18566.00,-107,29655825661,20200907,0,18566
20210708,18650.00,84,29942867620,20200907,0,18650
20210709,18383.00,-267,29557359219,20200907,0,18383
20210712,18631.00,248,30001060788,20200907,0,18631
20210713,18735.00,104,30255661620,20200907,0,18735
20210714,18714.00,-21,30354634039,20200907,0,18714
20210715,18613.00,-101,30204908700,20200907,0,18613
20210716,18549.00,-64,30141187478,20200907,0,18549
20210719,18404.00,-145,30210202526,20200907,0,18404
20210720,18062.00,-342,29672034934,20200907,0,18062
20210721,18404.00,342,30346536182,20200907,0,18404
20210726,18878.00,474,31276810643,20200907,0,18878
20210727,18874.00,-4,31294350916,20200907,0,18874
20210728,18719.00,-155,31203323345,20200907,0,18719
20210729,18692.00,-27,31212809045,20200907,0,18692
20210730,18732.00,40,31307230649,20200907,0,18732
20210802,18659.00,-73,31243412947,20200907,0,18659
20210803,18570.00,-89,31132083357,20200907,0,18570
20210804,18678.00,108,31550003993,20200907,0,18678
20210805,18691.00,13,31588188004,20200907,0,18691
20210806,18844.00,153,31853606293,20200907,0,18844
20210810,18941.00,97,32056606086,20200907,0,18941
20210811,19017.00,76,32188564812,20200907,0,19017
20210812,19009.00,-8,32370284388,20200907,0,19009
20210813,19083.00,74,32521514148,20200907,0,19083
20210816,18952.00,-131,32359674404,20200907,0,18952
20210817,18953.00,1,32402379788,20200907,0,18953
20210818,18877.00,-76,32617718960,20200907,0,18877
20210819,18751.00,-126,32440632208,20200907,0,18751
20210820,18759.00,8,32503897973,20200907,0,18759
20210823,18905.00,146,32769297038,20200907,0,18905
20210824,19053.00,148,33123599359,20200907,0,19053
20210825,19098.00,45,33302210347,20200907,0,19098
20210826,19177.00,79,33456625962,20200907,0,19177
20210827,19053.00,-124,33322074673,20200907,0,19053
20210830,19175.00,122,33520624927,20200907,0,19175
20210831,19287.00,112,33774533349,20200907,0,19287
20210901,19314.00,27,33900910028,20200907,0,19314
20210902,19287.00,-27,33928303948,20200907,0,19287
20210903,19335.00,48,34200229499,20200907,0,19335
20210906,19309.00,-26,34209291181,20200907,0,19309
20210907,19300.00,-9,34243674537,20210907,0,19300
20210908,19321.00,21,34282063351,20210907,0,19321
20210909,19290.00,-31,34299388691,20210907,0,19290
20210910,19123.00,-167,34039456285,20210907,0,19123
20210913,19011.00,-112,33845703346,20210907,0,19011
20210914,19066.00,55,33950960944,20210907,0,19066
20210915,18893.00,-173,33681554367,20210907,0,18893
20210916,19011.00,118,33978440981,20210907,0,19011
20210917,19050.00,39,34396499564,20210907,0,19050
20210921,18513.00,-537,33494715747,20210907,0,18513
20210922,18440.00,-73,33459416323,20210907,0,18440
20210924,19047.00,607,34707684854,20210907,0,19047
20210927,19133.00,86,34953666426,20210907,0,19133
20210928,19130.00,-3,35005193140,20210907,0,19130
20210929,18844.00,-286,34704718538,20210907,0,18844
20210930,18922.00,78,34885837038,20210907,0,18922
20211001,18615.00,-307,34450462536,20210907,0,18615
20211004,18754.00,139,34809824963,20210907,0,18754
20211005,18498.00,-256,34553346964,20210907,0,18498
20211006,18816.00,318,35221836486,20210907,0,18816
20211007,18854.00,38,35320818865,20210907,0,18854
20211008,19071.00,217,35752880678,20210907,0,19071
20211011,19132.00,61,35908383593,20210907,0,19132
20211012,19202.00,70,36093465180,20210907,0,19202
20211013,19154.00,-48,36087531475,20210907,0,19154
20211014,19196.00,42,36181637256,20210907,0,19196
20211015,19611.00,415,36982553607,20210907,0,19611
20211018,19823.00,212,37372997218,20210907,0,19823
20211019,19878.00,55,37832583527,20210907,0,19878
20211020,20109.00,231,38382083510,20210907,0,20109
20211021,20113.00,4,38342055286,20210907,0,20113
20211022,20129.00,16,38451329964,20210907,0,20129
20211025,20053.00,-76,38307943976,20210907,0,20053
20211026,20167.00,114,38515868076,20210907,0,20167
20211027,20254.00,87,38809085791,20210907,0,20254
20211028,20110.00,-144,38604722048,20210907,0,20110
20211029,20272.00,162,39012138241,20210907,0,20272
20211101,20388.00,116,39286120751,20210907,0,20388
20211102,20429.00,41,39403880199,20210907,0,20429
20211104,20642.00,213,40133749197,20210907,0,20642
20211105,20666.00,24,40231217366,20210907,0,20666
20211108,20714.00,48,40350256610,20210907,0,20714
20211109,20669.00,-45,40350630288,20210907,0,20669
20211110,20523.00,-146,40184364952,20210907,0,20523
20211111,20557.00,34,40300222054,20210907,0,20557
20211112,20620.00,63,40537085506,20210907,0,20620
20211115,20725.00,105,40817514882,20210907,0,20725
20211116,20764.00,39,41053518250,20210907,0,20764
20211117,20966.00,202,41915513599,20210907,0,20966
20211118,20789.00,-177,41631642240,20210907,0,20789
20211119,20894.00,105,41908413414,20210907,0,20894
20211122,20816.00,-78,41866510275,20210907,0,20816
20211124,20987.00,171,42288715305,20210907,0,20987
20211125,21059.00,72,42617806314,20210907,0,21059
20211126,20986.00,-73,42526988398,20210907,0,20986
20211129,20303.00,-683,41143314048,20210907,0,20303
20211130,20570.00,267,41838998825,20210907,0,20570
20211201,20091.00,-479,41072700968,20210907,0,20091
20211202,19806.00,-285,40631082917,20210907,0,19806
20211203,20115.00,309,41525494049,20210907,0,20115
20211206,19940.00,-175,41204509362,20210907,0,19940
20211207,20250.00,310,41924157125,20210907,0,20250
20211208,20683.00,433,42974101519,20210907,0,20683
20211209,20790.00,107,43277237909,20210907,0,20790
20211210,20582.00,-208,42898473431,20210907,0,20582
20211213,20794.00,212,43392598234,20210907,0,20794
20211214,20626.00,-168,43147867712,20210907,0,20626
20211215,20499.00,-127,42972723627,20210907,0,20499
20211216,20906.00,407,43888055246,20210907,0,20906
20211217,20661.00,-245,43808575998,20210907,0,20661
20211220,20405.00,-256,43319438851,20210907,0,20405
20211221,20181.00,-224,42943658675,20210907,0,20181
20211222,20634.00,453,44109632626,20210907,0,20634
20211223,20854.00,220,44675779415,20210907,0,20854
20211224,21034.00,180,45126665672,20210907,0,21034
20211227,21019.00,-15,45108595328,20210907,0,21019
20211228,21409.00,390,45946473185,20210907,0,21409
20211229,21377.00,-32,46115050238,20210907,0,21377
20211230,21430.00,53,46247321377,20210907,0,21430
20220104,21526.00,96,46470348410,20210907,0,21526
20220105,21657.00,131,46820916801,20210907,0,21657
20220106,21209.00,-448,46207574486,20210907,0,21209
20220107,21178.00,-31,46187064526,20210907,0,21178
20220111,20948.00,-230,45750371889,20210907,0,20948
20220112,21139.00,191,46310892838,20210907,0,21139
20220113,21072.00,-67,46349807261,20210907,0,21072
20220114,20677.00,-395,45528335088,20210907,0,20677
20220117,20734.00,57,45715617729,20210907,0,20734
20220118,20775.00,41,45893365942,20210907,0,20775
20220119,20423.00,-352,45115562149,20210907,0,20423
20220120,20152.00,-271,45161540988,20210907,0,20152
20220121,19848.00,-304,44548501092,20210907,0,19848
20220124,19475.00,-373,43884516864,20210907,0,19475
20220125,19556.00,81,44126333280,20210907,0,19556
20220126,19290.00,-266,43455399753,20210907,0,19290
20220127,19395.00,105,43779202141,20210907,0,19395
20220128,19430.00,35,43952051111,20210907,0,19430
20220131,19901.00,471,45138695277,20210907,0,19901
20220201,20226.00,325,45894440846,20210907,0,20226
20220202,20285.00,59,46188911002,20210907,0,20285
20220203,20431.00,146,46792494484,20210907,0,20431
20220204,20033.00,-398,45962008806,20210907,0,20033
20220207,20182.00,149,46336327643,20210907,0,20182
20220208,20114.00,-68,46273897787,20210907,0,20114
20220209,20328.00,214,46878373256,20210907,0,20328
20220210,20634.00,306,47648684429,20210907,0,20634
20220214,19847.00,-787,45874562947,20210907,0,19847
20220215,19770.00,-77,45831369713,20210907,0,19770
20220216,20134.00,364,46760464082,20210907,0,20134
20220217,20116.00,-18,47206363668,20210907,0,20116
20220218,19602.00,-514,46053234282,20210907,0,19602
20220221,19482.00,-120,45810711600,20210907,0,19482
20220222,19436.00,-46,45823524323,20210907,0,19436
20220224,18910.00,-526,44583191918,20210907,0,18910
20220225,19299.00,389,46591783314,20210907,0,19299
20220228,19728.00,429,47625581691,20210907,0,19728
20220301,19636.00,-92,47589200190,20210907,0,19636
20220302,19288.00,-348,46995239812,20210907,0,19288
20220303,19752.00,464,48345014916,20210907,0,19752
20220304,19616.00,-136,48074549284,20210907,0,19616
20220307,19392.00,-224,47576944808,20210907,0,19392
20220308,18897.00,-495,46387679690,20210907,0,18897
20220309,18825.00,-72,46346657798,20210907,0,18825
20220310,19334.00,509,47749431927,20210907,0,19334
20220311,19303.00,-31,47697606171,20210907,0,19303
20220314,19265.00,-38,47729540172,20210907,0,19265
20220315,19230.00,-35,47694764112,20210907,0,19230
20220316,19668.00,438,48870339518,20210907,0,19668
20220317,20209.00,541,50784752307,20210907,0,20209
20220318,20407.00,198,51327280169,20210907,0,20407
20220322,20868.00,461,52621487005,20210907,0,20868
20220323,21301.00,433,53881784884,20210907,0,21301
20220324,21025.00,-276,53407579176,20210907,0,21025
20220325,21504.00,479,54660004503,20210907,0,21504
20220328,21643.00,139,55022964876,20210907,0,21643
20220329,22151.00,508,56423613414,20210907,0,22151
20220330,22108.00,-43,56522184541,20210907,0,22108
20220331,21955.00,-153,56195859425,20210907,0,21955
20220401,21580.00,-375,55280158729,20210907,0,21580
20220404,21691.00,111,55658690441,20210907,0,21691
20220405,21892.00,201,56483116539,20210907,0,21892
20220406,21856.00,-36,56446106268,20210907,0,21856
20220407,21601.00,-255,55806539969,20210907,0,21601
20220408,21720.00,119,56130571398,20210907,0,21720
20220411,21808.00,88,56394722077,20210907,0,21808
20220412,21599.00,-209,55969659921,20210907,0,21599
20220413,21536.00,-63,55909504354,20210907,0,21536
20220414,21774.00,238,56519447097,20210907,0,21774
20220415,21644.00,-130,56233072631,20210907,0,21644
20220418,21697.00,53,56420398580,20210907,0,21697
20220419,21810.00,113,56712885801,20210907,0,21810
20220420,22520.00,710,59303709329,20210907,0,22520
20220421,22306.00,-214,58789374618,20210907,0,22306
20220422,22043.00,-263,58191446488,20210907,0,22043
20220425,21456.00,-587,56636495903,20210907,0,21456
20220426,21377.00,-79,56507340062,20210907,0,21377
20220427,20784.00,-593,55153823067,20210907,0,20784
20220428,21025.00,241,55878535010,20210907,0,21025
20220502,20963.00,-62,55898603113,20210907,0,20963
20220506,21110.00,147,56421547204,20210907,0,21110
20220509,21035.00,-75,56590274531,20210907,0,21035
20220510,20245.00,-790,54545346375,20210907,0,20245
20220511,20340.00,95,54968109562,20210907,0,20340
20220512,19922.00,-418,53960968824,20210907,0,19922
20220513,19768.00,-154,53635126507,20210907,0,19768
20220516,20360.00,592,55600584244,20210907,0,20360
20220517,20223.00,-137,55280266436,20210907,0,20223
20220518,20639.00,416,57055283284,20210907,0,20639
20220519,19673.00,-966,54458794238,20210907,0,19673
20220520,19470.00,-203,54015735153,20210907,0,19470
20220523,19463.00,-7,54111941795,20210907,0,19463
20220524,19839.00,376,55343125366,20210907,0,19839
20220525,19543.00,-296,54576521595,20210907,0,19543
20220526,19809.00,266,55338820409,20210907,0,19809
20220527,20127.00,318,56338328375,20210907,0,20127
20220530,20626.00,499,57815381172,20210907,0,20626
20220531,20819.00,193,58544669385,20210907,0,20819
20220601,20808.00,-11,58513712810,20210907,0,20808
20220602,20832.00,24,58796321037,20210907,0,20832
20220603,21183.00,351,60022355786,20210907,0,21183
20220606,21000.00,-183,59529714807,20210907,0,21000
20220607,21290.00,290,60369156425,20210907,0,21290
20220608,21585.00,295,61217001338,20210907,0,21585
20220609,21617.00,32,61370196096,20210907,0,21617
20220610,21067.00,-550,59875674217,20210907,0,21067
20220613,20573.00,-494,58496958172,20210907,0,20573
20220614,19649.00,-924,55963201965,20210907,0,19649
20220615,19711.00,62,56218638234,20210907,0,19711
20220616,19895.00,184,56864466398,20210907,0,19895
20220617,19094.00,-801,55198251371,20210907,0,19094
20220620,19424.00,330,56231672146,20210907,0,19424
20220621,19418.00,-6,56360957118,20210907,0,19418
20220622,20083.00,665,58289699913,20210907,0,20083
20220623,20014.00,-69,58397249101,20210907,0,20014
20220624,20061.00,47,58574115273,20210907,0,20061
20220627,20581.00,520,60125609306,20210907,0,20581
20220628,20652.00,71,60388970413,20210907,0,20652
20220629,20335.00,-317,59724676404,20210907,0,20335
20220630,20403.00,68,59981312722,20210907,0,20403
20220701,20125.00,-278,59244968264,20210907,0,20125
20220704,20186.00,61,59577431230,20210907,0,20186
20220705,20359.00,173,60373175449,20210907,0,20359
20220706,20328.00,-31,60279057748,20210907,0,20328
20220707,20429.00,101,60634103205,20210907,0,20429
20220708,20764.00,335,61690060634,20210907,0,20764
20220711,20810.00,46,61876702815,20210907,0,20810
20220712,20686.00,-124,61584081416,20210907,0,20686
20220713,20463.00,-223,61016172566,20210907,0,20463
20220714,20517.00,54,61180502324,20210907,0,20517
20220715,20598.00,81,61516824580,20210907,0,20598
20220719,20714.00,116,61903056842,20210907,0,20714
20220720,21273.00,559,64208366289,20210907,0,21273
20220721,21452.00,179,64916752577,20210907,0,21452
20220722,21483.00,31,65076831284,20210907,0,21483
20220725,21172.00,-311,64077508328,20210907,0,21172
20220726,21175.00,3,64087912166,20210907,0,21175
20220727,21013.00,-162,63733468072,20210907,0,21013
20220728,21450.00,437,65117911341,20210907,0,21450
20220729,21444.00,-6,65238838644,20210907,0,21444
20220801,21476.00,32,65371857264,20210907,0,21476
20220802,21088.00,-388,64204594587,20210907,0,21088
20220803,21406.00,318,65470562748,20210907,0,21406
20220804,21728.00,322,66442203696,20210907,0,21728
20220805,21608.00,-120,66140007936,20210907,0,21608
20220808,21951.00,343,67174348422,20210907,0,21951
20220809,21851.00,-100,66893944251,20210907,0,21851
20220810,21818.00,-33,66877533414,20210907,0,21818
20220812,21950.00,132,67259884753,20210907,0,21950
20220815,22277.00,327,68360879334,20210907,0,22277
20220816,22402.00,125,68764115208,20210907,0,22402
20220817,22636.00,234,70150103097,20210907,0,22636
20220818,22575.00,-61,69976202859,20210907,0,22575
20220819,22865.00,290,70906212412,20210907,0,22865
20220822,22712.00,-153,70454450930,20210907,0,22712
20220823,22250.00,-462,69056448489,20210907,0,22250
20220824,22140.00,-110,68830830184,20210907,0,22140
20220825,22213.00,73,69082157054,20210907,0,22213
20220826,22490.00,277,70006612479,20210907,0,22490
20220829,21983.00,-507,68593793543,20210907,0,21983
20220830,21875.00,-108,68325230531,20210907,0,21875
20220831,21643.00,-232,67827620526,20210907,0,21643
20220901,21617.00,-26,67822112144,20210907,0,21617
20220902,21773.00,156,68422328619,20210907,0,21773
20220905,21580.00,-193,68104193932,20210907,0,21580
20220906,21568.00,-12,68118344551,20210907,0,21568
20220907,21917.00,349,69221401982,20220907,0,21917
20220908,22531.00,614,71397533323,20220907,0,22531
20220909,22575.00,44,71623549772,20220907,0,22575
20220912,22765.00,190,72293322788,20220907,0,22765
20220913,22961.00,196,72910248994,20220907,0,22961
20220914,22268.00,-693,70809852235,20220907,0,22268
20220915,22171.00,-97,70452961294,20220907,0,22171
20220916,21887.00,-284,69694289161,20220907,0,21887
20220920,21903.00,16,70477903412,20220907,0,21903
20220921,21724.00,-179,69952952927,20220907,0,21724
20220922,21470.00,-254,69474979908,20220907,0,21470
20220926,20852.00,-618,67546594177,20220907,0,20852
20220927,20707.00,-145,67187570283,20220907,0,20707
20220928,20695.00,-12,67414773638,20220907,0,20695
20220929,21046.00,351,68721699915,20220907,0,21046
20220930,20671.00,-375,67649602390,20220907,0,20671
20221003,20372.00,-299,66766541274,20220907,0,20372
20221004,20874.00,502,68596937920,20220907,0,20874
20221005,21400.00,526,70613089512,20220907,0,21400
20221006,21463.00,63,70924304865,20220907,0,21463
20221007,21286.00,-177,70427204329,20220907,0,21286
20221011,20656.00,-630,68458621271,20220907,0,20656
20221012,20581.00,-75,68286650332,20220907,0,20581
20221013,20618.00,37,68624702379,20220907,0,20618
20221014,21225.00,607,70711887458,20220907,0,21225
20221017,20892.00,-333,69686420566,20220907,0,20892
20221018,21482.00,590,71706772509,20220907,0,21482
20221019,21778.00,296,73511380311,20220907,0,21778
20221020,21743.00,-35,73510210033,20220907,0,21743
20221021,21611.00,-132,73098678761,20220907,0,21611
20221024,21943.00,332,74366436201,20220907,0,21943
20221025,22206.00,263,75287236084,20220907,0,22206
20221026,22444.00,238,76172686751,20220907,0,22444
20221027,21957.00,-487,74637489954,20220907,0,21957
20221028,21911.00,-46,74506116144,20220907,0,21911
20221031,22694.00,783,77348069859,20220907,0,22694
20221101,22603.00,-91,77148609136,20220907,0,22603
20221102,22338.00,-265,76366296712,20220907,0,22338
20221104,21655.00,-683,74259113634,20220907,0,21655
20221107,21762.00,107,74616131360,20220907,0,21762
20221108,21899.00,137,75111295862,20220907,0,21899
20221109,21909.00,10,75293749786,20220907,0,21909
20221110,21546.00,-363,74143937624,20220907,0,21546
20221111,22035.00,489,75867075799,20220907,0,22035
20221114,21884.00,-151,75516958125,20220907,0,21884
20221115,21820.00,-64,75339693873,20220907,0,21820
20221116,21879.00,59,75671527720,20220907,0,21879
20221117,21696.00,-183,75806071859,20220907,0,21696
20221118,21751.00,55,76132807029,20220907,0,21751
20221121,21866.00,115,76647525582,20220907,0,21866
20221122,22052.00,186,77425319527,20220907,0,22052
20221124,22036.00,-16,77501265537,20220907,0,22036
20221125,22013.00,-23,77446222193,20220907,0,22013
20221128,22005.00,-8,77420333781,20220907,0,22005
20221129,21636.00,-369,76337677238,20220907,0,21636
20221130,21596.00,-40,76446347019,20220907,0,21596
20221201,21983.00,387,77849464668,20220907,0,21983
20221202,21730.00,-253,77118151804,20220907,0,21730
20221205,21566.00,-164,76852788944,20220907,0,21566
20221206,21466.00,-100,76513391117,20220907,0,21466
20221207,21276.00,-190,75867642805,20220907,0,21276
20221208,21121.00,-155,75359734111,20220907,0,21121
20221209,21342.00,221,76236181544,20220907,0,21342
20221212,21156.00,-186,75598034879,20220907,0,21156
20221213,21626.00,470,77323474666,20220907,0,21626
20221214,21415.00,-211,76295004242,20220907,0,21415
20221215,21286.00,-129,75852944069,20220907,0,21286
20221216,21101.00,-185,75290928479,20220907,0,21101
20221219,20634.00,-467,74391116375,20220907,0,20634
20221220,20196.00,-438,72888689056,20220907,0,20196
20221221,19804.00,-392,71697595263,20220907,0,19804
20221222,20178.00,374,73224774605,20220907,0,20178
20221223,19958.00,-220,72495182363,20220907,0,19958
20221226,20009.00,51,72717111171,20220907,0,20009
20221227,20146.00,137,73255707922,20220907,0,20146
20221228,20172.00,26,73348452692,20220907,0,20172
20221229,19962.00,-210,72986498919,20220907,0,19962
20221230,20091.00,129,73538922592,20220907,0,20091
20230104,19708.00,-383,72173229775,20220907,0,19708
20230105,20031.00,323,73426070936,20220907,0,20031
20230106,20037.00,6,73795249000,20220907,0,20037
20230110,20193.00,156,74538322885,20220907,0,20193
20230111,20419.00,226,75424243056,20220907,0,20419
20230112,20617.00,198,76422983780,20220907,0,20617
20230113,20265.00,-352,75173292141,20220907,0,20265
20230116,20132.00,-133,74743572284,20220907,0,20132
20230117,20217.00,85,75055009505,20220907,0,20217
20230118,20585.00,368,76420069837,20220907,0,20585
20230119,19870.00,-715,74600756173,20220907,0,19870
20230120,19754.00,-116,74303230302,20220907,0,19754
20230123,20219.00,465,76079716571,20220907,0,20219
20230124,20637.00,418,77817098349,20220907,0,20637
20230125,20619.00,-18,77787286735,20220907,0,20619
20230126,20438.00,-181,77149588805,20220907,0,20438
20230127,20714.00,276,78322408753,20220907,0,20714
20230130,20849.00,135,79172119895,20220907,0,20849
20230131,20638.00,-211,78544194004,20220907,0,20638
20230201,20848.00,210,79395566877,20220907,0,20848
20230202,20840.00,-8,79486533011,20220907,0,20840
20230203,21188.00,348,81137755321,20220907,0,21188
20230206,21563.00,375,82611746623,20220907,0,21563
20230207,21461.00,-102,82217756575,20220907,0,21461
20230208,21467.00,6,82278463499,20220907,0,21467
20230209,21346.00,-121,81840999793,20220907,0,21346
20230210,21171.00,-175,81228492178,20220907,0,21171
20230213,21232.00,61,81463298827,20220907,0,21232
20230214,21566.00,334,82858885116,20220907,0,21566
20230215,21638.00,72,83153466435,20220907,0,21638
20230216,21925.00,287,84321634133,20220907,0,21925
20230217,21665.00,-260,84054129302,20220907,0,21665
20230220,21616.00,-49,83857146706,20220907,0,21616
20230221,21594.00,-22,83848834773,20220907,0,21594
20230222,21254.00,-340,82527556881,20220907,0,21254
20230224,21222.00,-32,82608955677,20220907,0,21222
20230227,21324.00,102,83054797746,20220907,0,21324
20230228,21402.00,78,83421196164,20220907,0,21402
20230301,21350.00,-52,83564308384,20220907,0,21350
20230302,21211.00,-139,83196697355,20220907,0,21211
20230303,21462.00,251,84507274740,20220907,0,21462
20230306,21685.00,223,85421852075,20220907,0,21685
20230307,21734.00,49,85639053333,20220907,0,21734
20230308,21593.00,-141,85085685387,20220907,0,21593
20230309,21586.00,-7,85085133993,20220907,0,21586
20230310,21021.00,-565,82919447437,20220907,0,21021
20230313,20465.00,-556,80739511515,20220907,0,20465
20230314,20261.00,-204,80063919218,20220907,0,20261
20230315,20823.00,562,82304233077,20220907,0,20823
20230316,20479.00,-344,81055676265,20220907,0,20479
20230317,20875.00,396,83492019552,20220907,0,20875
20230320,20510.00,-365,82072771451,20220907,0,20510
20230322,20935.00,425,83873853863,20220907,0,20935
20230323,20341.00,-594,81776738732,20220907,0,20341
20230324,20359.00,18,81893435640,20220907,0,20359
20230327,20475.00,116,82396819208,20220907,0,20475
20230328,20511.00,36,82628509342,20220907,0,20511
20230329,20576.00,65,83265243334,20220907,0,20576
20230330,21070.00,494,85324339599,20220907,0,21070
20230331,21349.00,279,86476859817,20220907,0,21349
20230403,21596.00,247,87566854444,20220907,0,21596
20230404,21590.00,-6,87659555120,20220907,0,21590
20230405,21297.00,-293,86753743156,20220907,0,21297
20230406,21185.00,-112,86252528206,20220907,0,21185
20230407,21360.00,175,86912668062,20220907,0,21360
20230410,21495.00,135,87481727703,20220907,0,21495
20230411,21657.00,162,88138938707,20220907,0,21657
20230412,21705.00,48,88586747123,20220907,0,21705
20230413,21541.00,-164,87900191759,20220907,0,21541
20230414,21712.00,171,88589019044,20220907,0,21712
20230417,21877.00,165,89209646965,20220907,0,21877
20230418,22045.00,168,89883526322,20220907,0,22045
20230419,22008.00,-37,90651040074,20220907,0,22008
20230420,22135.00,127,91231029403,20220907,0,22135
20230421,21908.00,-227,90245069017,20220907,0,21908
20230424,21895.00,-13,90274552209,20220907,0,21895
20230425,21950.00,55,90481796514,20220907,0,21950
20230426,21516.00,-434,88710856723,20220907,0,21516
20230427,21420.00,-96,88448223735,20220907,0,21420
20230428,21906.00,486,90431411057,20220907,0,21906
20230501,22535.00,629,93208878768,20220907,0,22535
20230502,22663.00,128,93793461535,20220907,0,22663
20230508,22081.00,-582,91715193193,20220907,0,22081
20230509,22122.00,41,91814384174,20220907,0,22122
20230510,21994.00,-128,91373882922,20220907,0,21994
20230511,21933.00,-61,91140974999,20220907,0,21933
20230512,21974.00,41,91423350595,20220907,0,21974
20230515,22174.00,200,92283148064,20220907,0,22174
20230516,22243.00,69,92631726364,20220907,0,22243
20230517,22173.00,-70,93124956626,20220907,0,22173
20230518,22626.00,453,95085220450,20220907,0,22626
20230519,22974.00,348,96599630979,20220907,0,22974
20230522,22826.00,-148,96041413163,20220907,0,22826
20230523,22958.00,132,96510469645,20220907,0,22958
20230524,22727.00,-231,95578915525,20220907,0,22727
20230525,22708.00,-19,95402067942,20220907,0,22708
20230526,22964.00,256,96453394562,20220907,0,22964
20230529,23411.00,447,98460078949,20220907,0,23411
20230530,23328.00,-83,98176439203,20220907,0,23328
20230531,23247.00,-81,97835762512,20220907,0,23247
20230601,23013.00,-234,97005612395,20220907,0,23013
20230602,23210.00,197,97832056648,20220907,0,23210
20230605,23749.00,539,100406707550,20220907,0,23749
20230606,23604.00,-145,99785606202,20220907,0,23604
20230607,23645.00,41,99855233538,20220907,0,23645
20230608,23639.00,-6,99815439035,20220907,0,23639
20230609,23641.00,2,99877163633,20220907,0,23641
20230612,23718.00,77,100222597590,20220907,0,23718
20230613,23985.00,267,101302066026,20220907,0,23985
20230614,24215.00,230,102387913558,20220907,0,24215
20230615,24295.00,80,102752754920,20220907,0,24295
20230616,24581.00,286,103994574664,20220907,0,24581
20230619,24780.00,199,105709664142,20220907,0,24780
20230620,24825.00,45,105841593794,20220907,0,24825
20230621,24607.00,-218,104912550729,20220907,0,24607
20230622,24534.00,-73,104979814188,20220907,0,24534
20230623,24834.00,300,106398423116,20220907,0,24834
20230626,24700.00,-134,105839469093,20220907,0,24700
20230627,24613.00,-87,105499195136,20220907,0,24613
20230628,24936.00,323,107136647680,20220907,0,24936
20230629,25011.00,75,107649359379,20220907,0,25011
20230630,25236.00,225,108661506353,20220907,0,25236
20230703,25461.00,225,109591163510,20220907,0,25461
20230704,25502.00,41,109914856102,20220907,0,25502
20230705,25501.00,-1,110311240852,20220907,0,25501
20230706,25433.00,-68,110016582924,20220907,0,25433
20230707,25182.00,-251,108880631544,20220907,0,25182
20230710,24833.00,-349,107402380735,20220907,0,24833
20230711,24705.00,-128,107043021876,20220907,0,24705
20230712,24595.00,-110,106771218935,20220907,0,24595
20230713,24563.00,-32,106791495030,20220907,0,24563
20230714,24659.00,96,107298473341,20220907,0,24659
20230718,24879.00,220,108297050463,20220907,0,24879
20230719,25086.00,207,109296158871,20220907,0,25086
20230720,25263.00,177,111241481010,20220907,0,25263
20230721,25165.00,-98,110870618659,20220907,0,25165
20230724,25485.00,320,112421203599,20220907,0,25485
20230725,25544.00,59,112717714052,20220907,0,25544
20230726,25531.00,-13,112726009445,20220907,0,25531
20230727,25388.00,-143,112172354979,20220907,0,25388
20230728,25080.00,-308,111020115002,20220907,0,25080
20230731,25590.00,510,113511158930,20220907,0,25590
20230801,25899.00,309,114986609149,20220907,0,25899
20230802,25972.00,73,115412629138,20220907,0,25972
20230803,25655.00,-317,114335491480,20220907,0,25655
20230804,25484.00,-171,113565853129,20220907,0,25484
20230807,25143.00,-341,112032819643,20220907,0,25143
20230808,25613.00,470,114170624867,20220907,0,25613
20230809,25577.00,-36,114330687565,20220907,0,25577
20230810,25487.00,-90,114052952680,20220907,0,25487
20230814,25676.00,189,114909164500,20220907,0,25676
20230815,25912.00,236,116142838344,20220907,0,25912
20230816,25637.00,-275,114943363506,20220907,0,25637
20230817,25580.00,-57,115672552097,20220907,0,25580
20230818,25251.00,-329,114251626710,20220907,0,25251
20230821,25184.00,-67,114118566005,20220907,0,25184
20230822,25521.00,337,115789863973,20220907,0,25521
20230823,25354.00,-167,115188720881,20220907,0,25354
20230824,25483.00,129,115771198888,20220907,0,25483
20230825,25376.00,-107,115308178422,20220907,0,25376
20230828,25608.00,232,116404628380,20220907,0,25608
20230829,25765.00,157,117316189574,20220907,0,25765
20230830,26053.00,288,119038285271,20220907,0,26053
20230831,26185.00,132,119649449874,20220907,0,26185
20230901,26062.00,-123,119090188374,20220907,0,26062
20230904,26209.00,147,119887673497,20220907,0,26209
20230905,26261.00,52,120492661926,20220907,0,26261
20230906,26383.00,122,121052117461,20220907,0,26383
20230907,26213.00,-170,120370040579,20230907,0,26213
20230908,25969.00,-244,119286909769,20230907,0,25969
20230911,25999.00,30,119534686669,20230907,0,25999
20230912,26130.00,131,120277037948,20230907,0,26130
20230913,26088.00,-42,120342116286,20230907,0,26088
20230914,26093.00,5,120392013944,20230907,0,26093
20230915,26401.00,308,121894509649,20230907,0,26401
20230919,26116.00,-285,120743144327,20230907,0,26116
20230920,26078.00,-38,121615688956,20230907,0,26078
20230921,25937.00,-141,121248288889,20230907,0,25937
20230922,25382.00,-555,118878695873,20230907,0,25382
20230925,25466.00,84,119368867063,20230907,0,25466
20230926,25646.00,180,120311815910,20230907,0,25646
20230927,25291.00,-355,118971267105,20230907,0,25291
20230928,25395.00,104,119674633870,20230907,0,25395
20230929,25534.00,139,120775838384,20230907,0,25534
20231002,25502.00,-32,120720611782,20230907,0,25502
20231003,25527.00,25,120928715288,20230907,0,25527
20231004,25074.00,-453,119417147106,20230907,0,25074
20231005,25203.00,129,120147240312,20230907,0,25203
20231006,25154.00,-49,120031794367,20230907,0,25154
20231010,25589.00,435,122235351119,20230907,0,25589
20231011,25733.00,144,123096904271,20230907,0,25733
20231012,25949.00,216,124592896313,20230907,0,25949
20231013,25906.00,-43,124488634050,20230907,0,25906
20231016,25718.00,-188,123720150774,20230907,0,25718
20231017,25988.00,270,125102194770,20230907,0,25988
20231018,26032.00,44,126393618848,20230907,0,26032
20231019,25688.00,-344,124901171584,20230907,0,25688
20231020,25484.00,-204,124127105647,20230907,0,25484
20231023,25153.00,-331,122613633358,20230907,0,25153
20231024,25089.00,-64,122546572734,20230907,0,25089
20231025,25310.00,221,123782777728,20230907,0,25310
20231026,24996.00,-314,122363535085,20230907,0,24996
20231027,24715.00,-281,121204784707,20230907,0,24715
20231030,24513.00,-202,120416732815,20230907,0,24513
20231031,24751.00,238,122042256446,20230907,0,24751
20231101,25237.00,486,124634550714,20230907,0,25237
20231102,25361.00,124,125451609517,20230907,0,25361
20231106,25920.00,559,128667708791,20230907,0,25920
20231107,26042.00,122,129339469115,20230907,0,26042
20231108,26215.00,173,130359580658,20230907,0,26215
20231109,26313.00,98,130917698299,20230907,0,26313
20231110,26166.00,-147,130226948957,20230907,0,26166
20231113,26626.00,460,132436744555,20230907,0,26626
20231114,26615.00,-11,132477359640,20230907,0,26615
20231115,26930.00,315,134092850981,20230907,0,26930
20231116,27100.00,170,134925967071,20230907,0,27100
20231117,27033.00,-67,135663324458,20230907,0,27033
20231120,26921.00,-112,135161854942,20230907,0,26921
20231121,26805.00,-116,134692095967,20230907,0,26805
20231122,26780.00,-25,134961569405,20230907,0,26780
20231124,27121.00,341,136765520630,20230907,0,27121
20231127,27117.00,-4,136740436462,20230907,0,27117
20231128,26818.00,-299,135303901040,20230907,0,26818
20231129,26624.00,-194,134951890720,20230907,0,26624
20231130,26627.00,3,135054476755,20230907,0,26627
20231201,26880.00,253,136393200462,20230907,0,26880
20231204,26770.00,-110,136030817103,20230907,0,26770
20231205,26763.00,-7,136417501163,20230907,0,26763
20231206,26771.00,8,136516677271,20230907,0,26771
20231207,26649.00,-122,136089642512,20230907,0,26649
20231208,26148.00,-501,133595253886,20230907,0,26148
20231211,26650.00,502,136242473463,20230907,0,26650
20231212,26842.00,192,137463694180,20230907,0,26842
20231213,26921.00,79,138116822135,20230907,0,26921
20231214,26700.00,-221,137009011815,20230907,0,26700
20231215,26779.00,79,137500457757,20230907,0,26779
20231218,26716.00,-63,137151924759,20230907,0,26716
20231219,26931.00,215,139387780874,20230907,0,26931
20231220,27345.00,414,141956787972,20230907,0,27345
20231221,26844.00,-501,139499751628,20230907,0,26844
20231222,26904.00,60,139969468748,20230907,0,26904
20231225,26926.00,22,139990105046,20230907,0,26926
20231226,26936.00,10,140116577004,20230907,0,26936
20231227,27148.00,212,141221463128,20230907,0,27148
20231228,27009.00,-139,140850600788,20230907,0,27009
20231229,27018.00,9,141380310746,20230907,0,27018
20240104,26879.00,-139,140711261532,20230907,0,26879
20240105,27085.00,206,141926977087,20230907,0,27085
20240109,27318.00,233,144555045267,20230907,0,27318
20240110,27416.00,98,145442517299,20230907,0,27416
20240111,27754.00,338,147891893927,20230907,0,27754
20240112,27673.00,-81,147973734539,20230907,0,27673
20240115,27667.00,-6,148257708707,20230907,0,27667
20240116,27808.00,141,149374703808,20230907,0,27808
20240117,27995.00,187,150383328764,20230907,0,27995
20240118,27993.00,-2,152306385449,20230907,0,27993
20240119,28227.00,234,154087396567,20230907,0,28227
20240122,28578.00,351,156361645842,20230907,0,28578
20240123,28631.00,53,156898089554,20230907,0,28631
20240124,28719.00,88,158306036666,20230907,0,28719
20240125,28683.00,-36,158410682923,20230907,0,28683
20240126,28805.00,122,159648390651,20230907,0,28805
20240129,28891.00,86,160815517303,20230907,0,28891
20240130,28940.00,49,161596952616,20230907,0,28940
20240131,28957.00,17,162841659417,20230907,0,28957
20240201,28355.00,-602,159805918854,20230907,0,28355
20240202,28643.00,288,161929025233,20230907,0,28643
20240205,29397.00,754,167293386125,20230907,0,29397
20240206,29287.00,-110,167086499483,20230907,0,29287
20240207,29199.00,-88,167068361594,20230907,0,29199
20240208,29493.00,294,169099334310,20230907,0,29493
20240209,29787.00,294,171260372948,20230907,0,29787
20240213,29907.00,120,172396416442,20230907,0,29907
20240214,29756.00,-151,171741125790,20230907,0,29756
20240215,30004.00,248,174193478374,20230907,0,30004
20240216,30140.00,136,175398660645,20230907,0,30140
20240219,29953.00,-187,176131144354,20230907,0,29953
20240220,30023.00,70,176982736918,20230907,0,30023
20240221,29802.00,-221,175682876694,20230907,0,29802
20240222,29916.00,114,178177843911,20230907,0,29916
20240226,30520.00,604,182164003116,20230907,0,30520
20240227,30466.00,-54,182305810593,20230907,0,30466
20240228,30486.00,20,183552265536,20230907,0,30486
20240229,30474.00,-12,184226403272,20230907,0,30474
20240301,30555.00,81,185197387181,20230907,0,30555
20240304,30764.00,209,187037594214,20230907,0,30764
20240305,30797.00,33,188294990615,20230907,0,30797
20240306,30410.00,-387,186309387640,20230907,0,30410
20240307,30359.00,-51,186416168434,20230907,0,30359
20240308,30434.00,75,187262372150,20230907,0,30434
20240311,30026.00,-408,185139106892,20230907,0,30026
20240312,30002.00,-24,185508185799,20230907,0,30002
20240313,30474.00,472,189150062132,20230907,0,30474
20240314,30451.00,-23,189211450577,20230907,0,30451
20240315,30560.00,109,190178731397,20230907,0,30560
20240318,30500.00,-60,189940544070,20230907,0,30500
20240319,30686.00,186,192676260580,20230907,0,30686
20240321,31452.00,766,198371123774,20230907,0,31452
20240322,31721.00,269,200316575060,20230907,0,31721
20240325,31643.00,-78,200583846741,20230907,0,31643
20240326,31525.00,-118,199941388598,20230907,0,31525
20240327,31489.00,-36,200588649450,20230907,0,31489
20240328,31752.00,263,202686630454,20230907,0,31752
20240329,31762.00,10,203536702770,20230907,0,31762
20240401,31766.00,4,203899576865,20230907,0,31766
20240402,31773.00,7,203942655032,20230907,0,31773
20240403,31513.00,-260,203969396747,20230907,0,31513
20240404,31578.00,65,204624764589,20230907,0,31578
20240405,31036.00,-542,201384756049,20230907,0,31036
20240408,31547.00,511,204975496798,20230907,0,31547
20240409,31575.00,28,205468189476,20230907,0,31575
20240410,31590.00,15,206277392643,20230907,0,31590
20240411,31536.00,-54,206094987416,20230907,0,31536
20240412,31787.00,251,208372507526,20230907,0,31787
20240415,31405.00,-382,206152358568,20230907,0,31405
20240416,31220.00,-185,205141359191,20230907,0,31220
20240417,31231.00,11,206986374263,20230907,0,31231
20240418,30984.00,-247,205711255861,20230907,0,30984
20240419,30977.00,-7,206137597307,20230907,0,30977
20240422,30715.00,-262,204895089602,20230907,0,30715
20240423,30994.00,279,206882705214,20230907,0,30994
20240424,31367.00,373,210311162399,20230907,0,31367
20240425,31508.00,141,211453776153,20230907,0,31508
20240426,31411.00,-97,211177422650,20230907,0,31411
20240430,32065.00,654,216255901083,20230907,0,32065
20240501,31777.00,-288,214741307463,20230907,0,31777
20240502,31303.00,-474,212608817771,20230907,0,31303
20240507,31897.00,594,217679946562,20230907,0,31897
20240508,32115.00,218,219378550161,20230907,0,32115
20240509,32259.00,144,220968109076,20230907,0,32259
20240510,32440.00,181,222528065354,20230907,0,32440
20240513,32555.00,115,223389423690,20230907,0,32555
20240514,32628.00,73,224533011992,20230907,0,32628
20240515,32825.00,197,226298170221,20230907,0,32825
20240516,32667.00,-158,225430600646,20230907,0,32667
20240517,32950.00,283,229236930413,20230907,0,32950
20240520,33062.00,112,230326698375,20230907,0,33062
20240521,33218.00,156,231922086043,20230907,0,33218
20240522,33268.00,50,233451368753,20230907,0,33268
20240523,33301.00,33,234002298802,20230907,0,33301
20240524,33106.00,-195,233055420837,20230907,0,33106
20240527,33276.00,170,234525993307,20230907,0,33276
20240528,33290.00,14,234997583775,20230907,0,33290
20240529,33399.00,109,235766638644,20230907,0,33399
20240530,33200.00,-199,236434570012,20230907,0,33200
20240531,32818.00,-382,233972512046,20230907,0,32818
20240603,33180.00,362,236790466462,20230907,0,33180
20240604,33068.00,-112,236513218004,20230907,0,33068
20240605,32871.00,-197,236331205159,20230907,0,32871
20240606,33364.00,493,240133029693,20230907,0,33364
20240607,33364.00,0,240452861650,20230907,0,33364
20240610,33587.00,223,242438263879,20230907,0,33587
20240611,33747.00,160,243917729403,20230907,0,33747
20240612,33809.00,62,245378855237,20230907,0,33809
20240613,34026.00,217,247180415316,20230907,0,34026
20240614,34195.00,169,248802365741,20230907,0,34195
20240617,34240.00,45,249505063579,20230907,0,34240
20240618,34554.00,314,252192524880,20230907,0,34554
20240619,34689.00,135,255488274326,20230907,0,34689
20240620,34733.00,44,256535478337,20230907,0,34733
20240621,34848.00,115,257383535725,20230907,0,34848
20240624,34963.00,115,259723204021,20230907,0,34963
20240625,34788.00,-175,258774543875,20230907,0,34788
20240626,34973.00,185,260892320836,20230907,0,34973
20240627,35246.00,273,263846010549,20230907,0,35246
20240628,35342.00,96,265449058597,20230907,0,35342
20240701,35236.00,-106,265452452372,20230907,0,35236
20240702,35437.00,201,267570758360,20230907,0,35437
20240703,35635.00,198,271030093501,20230907,0,35635
20240704,35783.00,148,272558135992,20230907,0,35783
20240705,35716.00,-67,272429578913,20230907,0,35716
20240708,35828.00,112,273279827459,20230907,0,35828
20240709,35904.00,76,274749526884,20230907,0,35904
20240710,36067.00,163,277137505663,20230907,0,36067
20240711,36477.00,410,280721684243,20230907,0,36477
20240712,35572.00,-905,274561159065,20230907,0,35572
20240716,35725.00,153,276360123013,20230907,0,35725
20240717,35977.00,252,278949041561,20230907,0,35977
20240718,34872.00,-1105,272929273649,20230907,0,34872
20240719,34962.00,90,274389594926,20230907,0,34962
20240722,34726.00,-236,273647821475,20230907,0,34726
20240723,34921.00,195,275681522910,20230907,0,34921
20240724,34673.00,-248,274814950291,20230907,0,34673
20240725,33327.00,-1346,264401896208,20230907,0,33327
20240726,33322.00,-5,264621101361,20230907,0,33322
20240729,33611.00,289,267671528735,20230907,0,33611
20240730,33708.00,97,269059441834,20230907,0,33708
20240731,33182.00,-526,265913505959,20230907,0,33182
20240801,33085.00,-97,265450243289,20230907,0,33085
20240802,32614.00,-471,262080822059,20230907,0,32614
20240805,31146.00,-1468,251438616076,20230907,0,31146
20240806,30115.00,-1031,242907197206,20230907,0,30115
20240807,30855.00,740,248180055201,20230907,0,30855
20240808,30446.00,-409,245049218158,20230907,0,30446
20240809,31458.00,1012,253621761487,20230907,0,31458
20240813,31544.00,86,254846081536,20230907,0,31544
20240814,32026.00,482,259050404405,20230907,0,32026
20240815,32207.00,181,261729034532,20230907,0,32207
20240816,33124.00,917,269476581411,20230907,0,33124
20240819,32926.00,-198,270133168288,20230907,0,32926
20240820,32914.00,-12,270613419460,20230907,0,32914
20240821,32662.00,-252,269875447127,20230907,0,32662
20240822,32756.00,94,271529070978,20230907,0,32756
20240823,32658.00,-98,271023967737,20230907,0,32658
20240826,32418.00,-240,269290454433,20230907,0,32418
20240827,32611.00,193,271085455152,20230907,0,32611
20240828,32532.00,-79,271753695312,20230907,0,32532
20240829,32396.00,-136,271105816298,20230907,0,32396
20240830,32458.00,62,271955479211,20230907,0,32458
20240902,33110.00,652,277552685971,20230907,0,33110
20240903,33320.00,210,279524329241,20230907,0,33320
20240904,32231.00,-1089,270389272106,20230907,0,32231
20240905,31822.00,-409,268361523607,20230907,0,31822
20240906,31606.00,-216,266697054885,20230907,0,31606
20240909,30966.00,-640,261532897253,20240909,0,30966
20240910,31490.00,524,266201627460,20240909,0,31490
20240911,31317.00,-173,265488083499,20240909,0,31317
20240912,31813.00,496,270380976523,20240909,0,31813
20240913,31759.00,-54,270198692587,20240909,0,31759
20240917,31807.00,48,270962241872,20240909,0,31807
20240918,32007.00,200,272725542140,20240909,0,32007
20240919,32370.00,363,278356739438,20240909,0,32370
20240920,32719.00,349,281991690974,20240909,0,32719
20240924,32971.00,252,284478991933,20240909,0,32971
20240925,32960.00,-11,285243323801,20240909,0,32960
20240926,33192.00,232,287874635860,20240909,0,33192
20240927,33539.00,347,291717174895,20240909,0,33539
20240930,32852.00,-687,286290248498,20240909,0,32852
20241001,33311.00,459,290932672949,20240909,0,33311
20241002,32963.00,-348,288510518629,20240909,0,32963
20241003,33699.00,736,296074797447,20240909,0,33699
20241004,33551.00,-148,294881772180,20240909,0,33551
20241007,34261.00,710,301213289107,20240909,0,34261
20241008,33804.00,-457,297214484045,20240909,0,33804
20241009,34211.00,407,301345854881,20240909,0,34211
20241010,34724.00,513,306155757447,20240909,0,34724
20241011,34474.00,-250,304136869605,20240909,0,34474
20241015,35198.00,724,311155097656,20240909,0,35198
20241016,34843.00,-355,308209937117,20240909,0,34843
20241017,35088.00,245,312463309804,20240909,0,35088
20241018,35198.00,110,313691053249,20240909,0,35198
20241021,35173.00,-25,313880709163,20240909,0,35173
20241022,35418.00,245,316661198546,20240909,0,35418
20241023,35548.00,130,318813179774,20240909,0,35548
20241024,35552.00,4,318891520114,20240909,0,35552
20241025,35481.00,-71,318362705951,20240909,0,35481
20241028,35771.00,290,320931742466,20240909,0,35771
20241029,35746.00,-25,321280046021,20240909,0,35746
20241030,35892.00,146,323834966343,20240909,0,35892
20241031,35851.00,-41,323500325949,20240909,0,35851
20241101,34819.00,-1032,314245363621,20240909,0,34819
20241105,34956.00,137,315758150613,20240909,0,34956
20241106,35481.00,525,321776378266,20240909,0,35481
20241107,36801.00,1320,334345286246,20240909,0,36801
20241108,36716.00,-85,334105952881,20240909,0,36716
20241111,36864.00,148,335700217957,20240909,0,36864
20241112,37065.00,201,337483773225,20240909,0,37065
20241113,37233.00,168,339895138994,20240909,0,37233
20241114,37438.00,205,341695319446,20240909,0,37438
20241115,37468.00,30,342126851321,20240909,0,37468
20241118,36391.00,-1077,332431666499,20240909,0,36391
20241119,36570.00,179,336031449498,20240909,0,36570
20241120,36815.00,245,339264679422,20240909,0,36815
20241121,36870.00,55,340402196135,20240909,0,36870
20241122,36925.00,55,341936033256,20240909,0,36925
20241125,36988.00,63,342910715102,20240909,0,36988
20241126,37097.00,109,344314616489,20240909,0,37097
20241127,36982.00,-115,344280861223,20240909,0,36982
20241128,36578.00,-404,341025844328,20240909,0,36578
20241129,36330.00,-248,339452631273,20240909,0,36330
20241202,36410.00,80,340199568373,20240909,0,36410
20241203,36440.00,30,341297985335,20240909,0,36440
20241204,36422.00,-18,342787671577,20240909,0,36422
20241205,36781.00,359,346315116470,20240909,0,36781
20241206,36637.00,-144,345116571322,20240909,0,36637
20241209,36676.00,39,345793394711,20240909,0,36676
20241210,36870.00,194,347911640175,20240909,0,36870
20241211,36839.00,-31,348291133017,20240909,0,36839
20241212,37269.00,430,353145746267,20240909,0,37269
20241213,37220.00,-49,353003822102,20240909,0,37220
20241216,37439.00,219,355449572629,20240909,0,37439
20241217,37673.00,234,357706312457,20240909,0,37673
20241218,37397.00,-276,357430786174,20240909,0,37397
20241219,36574.00,-823,349804434547,20240909,0,36574
20241220,37252.00,678,357110814647,20240909,0,37252
20241223,37366.00,114,358755906415,20240909,0,37366
20241224,37814.00,448,364415916957,20240909,0,37814
20241225,38213.00,399,368864480817,20240909,0,38213
20241226,38225.00,12,369287118646,20240909,0,38225
20241227,38394.00,169,370926326670,20240909,0,38394
20241230,37973.00,-421,367847130674,20240909,0,37973
20250106,37689.00,-284,366028836276,20240909,0,37689
20250107,38018.00,329,370274751818,20240909,0,38018
20250108,37565.00,-453,370066558875,20240909,0,37565
20250109,37704.00,139,372488051847,20240909,0,37704
20250110,37644.00,-60,372974137181,20240909,0,37644
20250114,36985.00,-659,366438263484,20240909,0,36985
20250115,37148.00,163,370177100671,20240909,0,37148
20250116,37444.00,296,374227796196,20240909,0,37444
20250117,37076.00,-368,373368830965,20240909,0,37076
20250120,37646.00,570,379777798032,20240909,0,37646
20250121,37651.00,5,380520539662,20240909,0,37651
20250122,37848.00,197,382513000160,20240909,0,37848
20250123,38312.00,464,389914300653,20240909,0,38312
20250124,38475.00,163,392304152726,20240909,0,38475
20250127,38188.00,-287,389715780801,20240909,0,38188
20250128,37520.00,-668,383303021923,20240909,0,37520
20250129,37997.00,477,390305353294,20240909,0,37997
20250130,37596.00,-401,386876574602,20240909,0,37596
20250131,37714.00,118,388722937590,20240909,0,37714
20250203,37835.00,121,390547293181,20240909,0,37835
20250204,37465.00,-370,387379650117,20240909,0,37465
20250205,37424.00,-41,388783075429,20240909,0,37424
20250206,37216.00,-208,386974000850,20240909,0,37216
20250207,37030.00,-186,385617575450,20240909,0,37030
20250210,36841.00,-189,384052683323,20240909,0,36841
20250212,37423.00,582,390622463199,20240909,0,37423
20250213,37626.00,203,394268603085,20240909,0,37626
20250214,37602.00,-24,394597078690,20240909,0,37602
20250217,37383.00,-219,392789681603,20240909,0,37383
20250218,37324.00,-59,392411610718,20240909,0,37324
20250219,37538.00,214,394659454837,20240909,0,37538
20250220,37377.00,-161,396606377176,20240909,0,37377
20250221,36908.00,-469,392099507370,20240909,0,36908
20250225,36189.00,-719,385578718334,20240909,0,36189
20250226,35705.00,-484,380695847072,20240909,0,35705
20250227,35787.00,82,383034553764,20240909,0,35787
20250228,35321.00,-466,378732862353,20240909,0,35321
20250303,36096.00,775,388045913436,20240909,0,36096
20250304,35160.00,-936,378766554866,20240909,0,35160
20250305,34873.00,-287,377377906427,20240909,0,34873
20250306,35115.00,242,380146113132,20240909,0,35115
20250307,34217.00,-898,370827145081,20240909,0,34217
20250310,34248.00,31,371456938524,20240909,0,34248
20250311,33174.00,-1074,360245032214,20240909,0,33174
20250312,33233.00,59,362245813900,20240909,0,33233
20250313,33448.00,215,364802109865,20240909,0,33448
20250314,32998.00,-450,360373560088,20240909,0,32998
20250317,33814.00,816,369547789748,20240909,0,33814
20250318,34193.00,379,373997872834,20240909,0,34193
20250319,33864.00,-329,372993620500,20240909,0,33864
20250321,34011.00,147,375545312367,20240909,0,34011
20250324,34203.00,192,378032924637,20240909,0,34203
20250325,35073.00,870,389144997538,20240909,0,35073
20250326,34955.00,-118,388411496823,20240909,0,34955
20250327,34652.00,-303,386053371002,20240909,0,34652
20250328,34659.00,7,386661702493,20240909,0,34659
20250331,33618.00,-1041,375689768972,20240909,0,33618
20250401,33875.00,257,378664966026,20240909,0,33875
20250402,34008.00,133,380516355364,20240909,0,34008
20250403,33778.00,-230,379231172332,20240909,0,33778
20250404,31753.00,-2025,356665569527,20240909,0,31753
20250407,29809.00,-1944,335015243699,20240909,0,29809
20250408,30145.00,336,338897685032,20240909,0,30145
20250409,29194.00,-951,328439389550,20240909,0,29194
20250410,32306.00,3112,364279718419,20240909,0,32306
20250411,30477.00,-1829,344004797831,20240909,0,30477
20250414,30961.00,484,350737464564,20240909,0,30961
20250415,31299.00,338,355008334993,20240909,0,31299
20250416,31091.00,-208,353325258404,20240909,0,31091
20250417,30310.00,-781,346795135610,20240909,0,30310
20250418,30335.00,25,347484859585,20240909,0,30335
20250421,30075.00,-260,345090940400,20240909,0,30075
20250422,29310.00,-765,336316955498,20240909,0,29310
20250423,30290.00,980,349856556704,20240909,0,30290
20250424,30979.00,689,358003626939,20240909,0,30979
20250425,31641.00,662,366032121314,20240909,0,31641
20250428,31995.00,354,370422723979,20240909,0,31995
20250430,31959.00,-36,370845749416,20240909,0,31959
20250501,32117.00,158,374157192053,20240909,0,32117
20250502,32982.00,865,384843124765,20240909,0,32982
20250507,32331.00,-651,378543419978,20240909,0,32331
20250508,32610.00,279,382056766847,20240909,0,32610
20250509,33298.00,688,390904728526,20240909,0,33298
20250512,33310.00,12,391478121585,20240909,0,33310
20250513,34856.00,1546,409934435649,20240909,0,34856
20250514,34974.00,118,412607006319,20240909,0,34974
20250515,34759.00,-215,410265597555,20240909,0,34759
20250516,34627.00,-132,408920681263,20240909,0,34627
20250519,34837.00,210,413498728706,20240909,0,34837
20250520,34965.00,128,415264315465,20240909,0,34965
20250521,34581.00,-384,411762710459,20240909,0,34581
20250522,33804.00,-777,403514013352,20240909,0,33804
20250523,33921.00,117,405074926258,20240909,0,33921
20250526,33422.00,-499,399414873051,20240909,0,33422
20250527,33335.00,-87,398505308017,20240909,0,33335
20250528,34422.00,1087,411511403396,20240909,0,34422
20250529,34703.00,281,416827624083,20240909,0,34703
20250530,34322.00,-381,412624559324,20240909,0,34322
20250602,34260.00,-62,411883192920,20240909,0,34260
20250603,34219.00,-41,411523681435,20240909,0,34219
20250604,34699.00,480,418753910831,20240909,0,34699
20250605,34395.00,-304,415183848227,20240909,0,34395
20250606,34464.00,69,416199597427,20240909,0,34464
20250609,35096.00,632,423939196428,20240909,0,35096
20250610,35084.00,-12,423883752777,20240909,0,35084
20250611,35335.00,251,427444280637,20240909,0,35335
20250612,35039.00,-296,424462832091,20240909,0,35039
20250613,34919.00,-120,423060201865,20240909,0,34919
20250616,34853.00,-66,422566292453,20240909,0,34853
20250617,35345.00,492,428531349344,20240909,0,35345
20250618,35117.00,-228,428139787940,20240909,0,35117
20250619,35001.00,-116,426957958530,20240909,0,35001
20250620,35105.00,104,429048503798,20240909,0,35105
20250623,35302.00,197,431451573050,20240909,0,35302
20250624,35451.00,149,434270419715,20240909,0,35451
20250625,35685.00,234,437279321013,20240909,0,35685
20250626,35621.00,-64,436700144141,20240909,0,35621
20250627,35852.00,231,440207430893,20240909,0,35852
20250630,36097.00,245,443544273230,20240909,0,36097
20250701,36005.00,-92,442867168745,20240909,0,36005
20250702,35970.00,-35,443068930199,20240909,0,35970
20250703,36125.00,155,445942688380,20240909,0,36125
20250704,36681.00,556,452750817066,20240909,0,36681
20250707,36625.00,-56,452072492271,20240909,0,36625
20250708,36760.00,135,453740968373,20240909,0,36760
20250709,36936.00,176,456090822978,20240909,0,36936
20250710,36906.00,-30,455879109684,20240909,0,36906
20250711,37207.00,301,459639453341,20240909,0,37207
20250714,37174.00,-33,459882930662,20240909,0,37174
20250715,37397.00,223,462796865056,20240909,0,37397
20250716,37594.00,197,465507110478,20240909,0,37594
20250717,37578.00,-16,467397681866,20240909,0,37578
20250718,37825.00,247,470648090388,20240909,0,37825
20250722,37567.00,-258,467628192912,20240909,0,37567
20250723,37338.00,-229,465476600103,20240909,0,37338
20250724,37636.00,298,470393066698,20240909,0,37636
20250725,37899.00,263,473637479546,20240909,0,37899
20250728,38140.00,241,476848029555,20240909,0,38140
20250729,38345.00,205,479932713660,20240909,0,38345
20250730,38158.00,-187,478794864668,20240909,0,38158
20250731,38403.00,245,481673397737,20240909,0,38403
20250801,38622.00,219,484368960193,20240909,0,38622
20250804,37212.00,-1410,467017392183,20240909,0,37212
20250805,37592.00,380,472920457258,20240909,0,37592
20250806,37575.00,-17,472790876108,20240909,0,37575
20250807,37860.00,285,476956518002,20240909,0,37860
20250808,37725.00,-135,475510953382,20240909,0,37725
20250812,38238.00,513,482247116335,20240909,0,38238
20250813,38510.00,272,486099763461,20240909,0,38510
20250814,38337.00,-173,484941094823,20240909,0,38337
20250815,38603.00,266,488171774015,20240909,0,38603
20250818,38457.00,-146,486324417132,20240909,0,38457
20250819,38558.00,101,489918503007,20240909,0,38558
20250820,38292.00,-266,487519479416,20240909,0,38292
20250821,38139.00,-153,485863741614,20240909,0,38139
20250822,38257.00,118,488374429254,20240909,0,38257
20250825,38555.00,298,492336667903,20240909,0,38555
20250826,38316.00,-239,489572738469,20240909,0,38316
20250827,38578.00,262,493880245451,20240909,0,38578
20250828,38635.00,57,495068582459,20240909,0,38635
20250829,38628.00,-7,495613364323,20240909,0,38628
20250901,38477.00,-151,493945278954,20240909,0,38477
20250902,38494.00,17,494220540414,20240909,0,38494
20250903,38608.00,114,495690944947,20240909,0,38608
20250904,38606.00,-2,497348839681,20240909,0,38606
20250905,38990.00,384,502372521309,20240909,0,38990
20250908,38930.00,-60,501613081847,20250908,0,38930
20250909,38726.00,-204,499194977181,20250908,0,38726
20250910,38870.00,144,501677747821,20250908,0,38870
20250911,38996.00,126,503334342501,20250908,0,38996
20250912,39257.00,261,507536728894,20250908,0,39257
20250916,39496.00,239,510842772346,20250908,0,39496
20250917,39183.00,-313,507122740256,20250908,0,39183
20250918,39259.00,76,510207161279,20250908,0,39259
20250919,39734.00,475,516726314019,20250908,0,39734
20250922,39992.00,258,521056278042,20250908,0,39992
20250924,39831.00,-161,519069663316,20250908,0,39831
20250925,39965.00,134,522213901515,20250908,0,39965
20250926,40037.00,72,523445394880,20250908,0,40037
20250929,40118.00,81,525400730291,20250908,0,40118
20250930,40134.00,16,526177901209,20250908,0,40134
20251001,40109.00,-25,526859585044,20250908,0,40109
20251002,39983.00,-126,525575422866,20250908,0,39983
20251003,40065.00,82,527933411160,20250908,0,40065
20251006,40717.00,652,536567580598,20250908,0,40717
20251007,41056.00,339,541281244739,20250908,0,41056
20251008,41399.00,343,546147319667,20250908,0,41399
20251009,41758.00,359,551274669212,20250908,0,41758
20251010,41739.00,-19,551283220959,20250908,0,41739
20251014,41082.00,-657,542694013280,20250908,0,41082
20251015,40799.00,-283,539795754921,20250908,0,40799
20251016,40713.00,-86,539107347929,20250908,0,40713
20251017,40308.00,-405,536153479826,20250908,0,40308
20251020,40742.00,434,542193286460,20250908,0,40742
20251021,41056.00,314,546825783049,20250908,0,41056
20251022,41370.00,314,553058675103,20250908,0,41370
20251023,41300.00,-70,552354377472,20250908,0,41300
20251024,41658.00,358,557334421314,20250908,0,41658
20251027,42073.00,415,562996271198,20250908,0,42073
20251028,42470.00,397,568482422715,20250908,0,42470
20251029,42297.00,-173,567832912911,20250908,0,42297
20251030,42630.00,333,572600733275,20250908,0,42630
20251031,42565.00,-65,571606918227,20250908,0,42565
20251104,42834.00,269,575220495853,20250908,0,42834
20251105,42089.00,-745,565559611325,20250908,0,42089
20251106,42392.00,303,571042601760,20250908,0,42392
20251107,41701.00,-691,561980286182,20250908,0,41701
20251110,41945.00,244,565805985244,20250908,0,41945
20251111,42714.00,769,576543828712,20250908,0,42714
20251112,42779.00,65,578873800480,20250908,0,42779
20251113,43016.00,237,582540574657,20250908,0,43016
20251114,42227.00,-789,572035397373,20250908,0,42227
20251117,42202.00,-25,571545579419,20250908,0,42202
20251118,41991.00,-211,568958638242,20250908,0,41991
20251119,41701.00,-290,567753309778,20250908,0,41701
20251120,42328.00,627,577184426416,20250908,0,42328
20251121,41728.00,-600,569445962857,20250908,0,41728
20251125,42621.00,893,582876924316,20250908,0,42621
20251126,42876.00,255,586684349102,20250908,0,42876
20251127,43043.00,167,590373292938,20250908,0,43043
20251128,43241.00,198,593432516191,20250908,0,43241
20251201,43263.00,22,593732263341,20250908,0,43263
20251202,42993.00,-270,590976423531,20250908,0,42993
20251203,43136.00,143,594812086966,20250908,0,43136
20251204,43117.00,-19,594446279451,20250908,0,43117
20251205,43115.00,-2,594588574097,20250908,0,43115
20251208,43236.00,121,596235013833,20250908,0,43236
20251209,43309.00,73,597834435339,20250908,0,43309
20251210,43507.00,198,601285193397,20250908,0,43507
20251211,43518.00,11,601527738985,20250908,0,43518
20251212,43566.00,48,603089719442,20250908,0,43566
20251215,43188.00,-378,598108579345,20250908,0,43188
20251216,42877.00,-311,594097939874,20250908,0,42877
20251217,42655.00,-222,593337630655,20250908,0,42655
20251218,42413.00,-242,590472244989,20250908,0,42413
20251219,42815.00,402,596817948197,20250908,0,42815
20251222,43682.00,867,609835860742,20250908,0,43682
20251223,43722.00,40,610802998340,20250908,0,43722
20251224,43773.00,51,613130231721,20250908,0,43773
20251225,43829.00,56,613598266330,20250908,0,43829
20251226,43995.00,166,616036667705,20250908,0,43995
20251229,43973.00,-22,615724814800,20250908,0,43973
20251230,43846.00,-127,615197977580,20250908,0,43846
20260105,43759.00,-87,615097156954,20250908,0,43759
20260106,43875.00,116,617080232717,20250908,0,43875
20260107,44134.00,259,624128719091,20250908,0,44134
20260108,44036.00,-98,623341253378,20250908,0,44036
20260109,44120.00,84,625146650671,20250908,0,44120
20260113,44802.00,682,635396492391,20250908,0,44802
20260114,44993.00,191,638616983550,20250908,0,44993
20260115,44563.00,-430,634244006246,20250908,0,44563
20260116,44733.00,170,636934386012,20250908,0,44733
20260119,44362.00,-371,634465895322,20250908,0,44362
20260120,44542.00,180,637577106416,20250908,0,44542
20260121,43641.00,-901,624683908697,20250908,0,43641
20260122,44152.00,511,635470349476,20250908,0,44152
20260123,44493.00,341,640837982718,20250908,0,44493
20260126,43452.00,-1041,626502934402,20250908,0,43452
20260127,43523.00,71,627845072132,20250908,0,43523
20260128,43174.00,-349,624693935644,20250908,0,43174
20260129,43363.00,189,628325009000,20250908,0,43363
20260130,43449.00,86,630162681313,20250908,0,43449
20260202,43725.00,276,634533253077,20250908,0,43725
20260203,44051.00,326,639620460718,20250908,0,44051
20260204,43812.00,-239,638064482082,20250908,0,43812
20260205,43809.00,-3,638221101322,20250908,0,43809
20260206,43263.00,-546,630609476600,20250908,0,43263
20260209,44154.00,891,643975459560,20250908,0,44154
20260210,44141.00,-13,644277817072,20250908,0,44141
20260212,43197.00,-944,631311470853,20250908,0,43197
20260213,42419.00,-778,620692374342,20250908,0,42419
20260216,42483.00,64,622024670484,20250908,0,42483
20260217,42552.00,69,623594806562,20250908,0,42552
20260218,42574.00,22,623921669388,20250908,0,42574
20260219,43245.00,671,637368472971,20250908,0,43245
20260220,43229.00,-16,638244344882,20250908,0,43229
20260224,42999.00,-230,634988099204,20250908,0,42999
20260225,43600.00,601,645001438816,20250908,0,43600
